[
  // Boss access locations for keysanity override logic.
  {
    "name": "Kraid's Lair",
    "sections": [
      {
        "name": "Kraid",
        "hosted_item": "kraid"
      }
    ]
  },
  {
    "name": "Phantoon's Lair",
    "sections": [
      {
        "name": "Phantoon",
        "hosted_item": "phantoon"
      }
    ]
  },
  {
    "name": "Draygon's Lair",
    "sections": [
      {
        "name": "Draygon",
        "hosted_item": "draygon"
      }
    ]
  },
  {
    "name": "Ridley's Lair",
    "sections": [
      {
        "name": "Ridley",
        "hosted_item": "ridley"
      }
    ]
  }
]
