[
  {
    "name": "Brinstar",
    "chest_unopened_img": "images/major_unopened.png",
    "chest_opened_img": "images/major_opened.png",
    "children": [
      {
        "name": "Brinstar Blue",
        "color": "#081848",
        "children": [
          {
            "name": "Morphing Ball",
            "sections": [
              {
                "name": "Morphing Ball",
                "item_count": 1
              }
            ],
            "map_locations": [
              {
                "map": "metroid",
                "x": 744,
                "y": 976
              },
              {
                "map": "brinstar",
                "x": 744,
                "y": 404
              }
            ]
          },
          {
            "name": "Energy Tank, Brinstar Ceiling",
            "sections": [
              {
                "name": "Energy Tank, Brinstar Ceiling",
                "access_rules": [
                  "normal,$canFly",
                  "normal,hijump",
                  "normal,speed",
                  "normal,ice",
                  "[hard]",
                  "{}"
                ],
                "capture_item": true,
                "item_count": 1
              }
            ],
            "map_locations": [
              {
                "map": "metroid",
                "x": 936,
                "y": 976
              },
              {
                "map": "brinstar",
                "x": 936,
                "y": 404
              }
            ]
          },
          {
            "name": "Missile (blue Brinstar middle)",
            "access_rules": [
              "morph",
            ],
            "sections": [
              {
                "name": "Missile (blue Brinstar middle)",

                "item_count": 1
              }
            ],
            "map_locations": [
              {
                "map": "metroid",
                "x": 968,
                "y": 976
              },
              {
                "map": "brinstar",
                "x": 968,
                "y": 404
              }
            ]
          },
          {
            "name": "Missile (blue Brinstar bottom)",
            "access_rules": [
              "morph"
            ],
            "sections": [
              {
                "name": "Missile (blue Brinstar bottom)",
                "item_count": 1
              }
            ],
            "map_locations": [
              {
                "map": "metroid",
                "x": 840,
                "y": 1008
              },
              {
                "map": "brinstar",
                "x": 840,
                "y": 436
              }
            ]
          },
          {
            "name": "Billy Mays Room",
            "access_rules": [
              "$canUsePowerBombs"
            ],
            "sections": [
              {
                "name": "Missile (blue Brinstar top)",
                "item_count": 1
              },
              {
                "name": "Missile (blue Brinstar behind missile)",
                "item_count": 1
              }
            ],
            "map_locations": [
              {
                "map": "metroid",
                "x": 872,
                "y": 912
              },
              {
                "map": "brinstar",
                "x": 872,
                "y": 340
              }
            ]
          },
          {
            "name": "Power Bomb (blue Brinstar)",
            "access_rules": [
              "$canUsePowerBombs"
            ],
            "sections": [
              {
                "name": "Power Bomb (blue Brinstar)",
                "item_count": 1
              }
            ],
            "map_locations": [
              {
                "map": "metroid",
                "x": 680,
                "y": 976
              },
              {
                "map": "brinstar",
                "x": 680,
                "y": 404
              }
            ]
          }
        ]
      },
      {
        "name": "Brinstar Green",
        "color": "#48a848",
        "access_rules": [
          "$canDestroyBombWalls",
          "speed"
        ],
        "children": [
          {
            "name": "Reserve Tank, Brinstar",
            "access_rules": [
              "$canOpenRedDoors,speed",
              "[hard],$canOpenRedDoors,morph"
            ],
            "sections": [
              {
                "name": "Reserve Tank, Brinstar",
                "item_count": 1
              }
            ],
            "map_locations": [
              {
                "map": "metroid",
                "x": 360,
                "y": 784
              },
              {
                "map": "brinstar",
                "x": 360,
                "y": 212
              }
            ]
          },
          {
            "name": "Energy Tank, Etecoons",
            "access_rules": [
              "$canUsePowerBombs"
            ],
            "sections": [
              {
                "name": "Energy Tank, Etecoons",
                "item_count": 1
              }
            ],
            "map_locations": [
              {
                "map": "metroid",
                "x": 136,
                "y": 976
              },
              {
                "map": "brinstar",
                "x": 136,
                "y": 404
              }
            ]
          },
          {
            "name": "Power Bomb (green Brinstar bottom)",
            "access_rules": [
              "$canUsePowerBombs"
            ],
            "sections": [
              {
                "name": "Power Bomb (green Brinstar bottom)",
                "item_count": 1
              }
            ],
            "map_locations": [
              {
                "map": "metroid",
                "x": 328,
                "y": 880
              },
              {
                "map": "brinstar",
                "x": 328,
                "y": 308
              }
            ]
          },
          {
            "name": "Missile (green Brinstar below super missile)",
            "sections": [
              {
                "name": "Missile (green Brinstar below super missile)",
                "capture_item": true,
                "access_rules": [
                  "$canPassBombPassages,$canOpenRedDoors",
                  "{$canOpenRedDoors}"
                ],
                "item_count": 1
              }
            ],
            "map_locations": [
              {
                "map": "metroid",
                "x": 296,
                "y": 784
              },
              {
                "map": "brinstar",
                "x": 296,
                "y": 212
              }
            ]
          },
          {
            "name": "Super Missile (green Brinstar top)",
            "access_rules": [
              "$canOpenRedDoors,speed",
              "[hard],$canOpenRedDoors,morph",
            ],
            "sections": [
              {
                "name": "Super Missile (green Brinstar top)",
                "item_count": 1
              }
            ],
            "map_locations": [
              {
                "map": "metroid",
                "x": 264,
                "y": 752
              },
              {
                "map": "brinstar",
                "x": 264,
                "y": 180
              }
            ]
          },
          {
            "name": "Missiles (green Brinstar behind reserve tank)",
            "access_rules": [
              "$canOpenRedDoors"
            ],
            "sections": [
              {
                "name": "Missile (green Brinstar behind reserve tank)",
                "access_rules": [
                  "normal,speed,$canOpenRedDoors,morph",
                  "[hard],$canOpenRedDoors,morph"
                ],
                "item_count": 1
              },
              {
                "name": "Missile (green Brinstar behind missile)",
                "access_rules": [
                  "normal,speed,$canPassBombPassages,$canOpenRedDoors",
                  "[hard],$canPassBombPassages,$canOpenRedDoors",
                  "[hard],morph,screw,$canOpenRedDoors"
                ],
                "item_count": 1
              }
            ],
            "map_locations": [
              {
                "map": "metroid",
                "x": 392,
                "y": 784
              },
              {
                "map": "brinstar",
                "x": 392,
                "y": 212
              }
            ]
          },
          {
            "name": "Super Missile (green Brinstar bottom)",
            "access_rules": [
              "$canUsePowerBombs,super"
            ],
            "sections": [
              {
                "name": "Super Missile (green Brinstar bottom)",
                "item_count": 1
              }
            ],
            "map_locations": [
              {
                "map": "metroid",
                "x": 104,
                "y": 976
              },
              {
                "map": "brinstar",
                "x": 104,
                "y": 404
              }
            ]
          }
        ]
      },
      {
        "name": "Brinstar Pink",
        "color": "#704858",
        "access_rules": [
          "$canUsePowerBombs",
          "$canOpenRedDoors,$canDestroyBombWalls",
          "$canOpenRedDoors,speed",
          "@Norfair Upper Portal,morph,wave,ice",
          "@Norfair Upper Portal,morph,wave,hijump",

          "normal,@Norfair Upper Portal,morph,wave,space",

          "[hard],@Norfair Upper Portal,morph,$canOpenRedDoors,ice",
          "[hard],@Norfair Upper Portal,morph,$canOpenRedDoors,hijump",
          "[hard],@Norfair Upper Portal,morph,$canOpenRedDoors,$canSpringBallJump",
          "[hard],@Norfair Upper Portal,morph,$canOpenRedDoors,$canFly",
          "[hard],@Norfair Upper Portal,morph,wave,$canSpringBallJump",
          "[hard],@Norfair Upper Portal,morph,wave,$canFly"
        ],
        "children": [
          {
            "name": "Charge Beam",
            "access_rules": [
              "$canPassBombPassages"
            ],
            "sections": [
              {
                "name": "Charge Beam",
                "item_count": 1
              }
            ],
            "map_locations": [
              {
                "map": "metroid",
                "x": 488,
                "y": 1008
              },
              {
                "map": "brinstar",
                "x": 488,
                "y": 436
              }
            ]
          },
          {
            "name": "Missile (green Brinstar pipe)",
            "access_rules": [
              "morph,powerbomb",
              "morph,super",
              "morph,@Norfair Upper Portal",
            ],
            "sections": [
              {
                "name": "Missile (green Brinstar pipe)",
                "item_count": 1
              }
            ],
            "map_locations": [
              {
                "map": "metroid",
                "x": 648,
                "y": 1008
              },
              {
                "map": "brinstar",
                "x": 648,
                "y": 436
              }
            ]
          },
          {
            "name": "Energy Tank, Waterway",
            "access_rules": [
              "$canUsePowerBombs,$canOpenRedDoors,speed,$countEnergyReserves:1",
              "$canUsePowerBombs,$canOpenRedDoors,speed,gravity"
            ],
            "sections": [
              {
                "name": "Energy Tank, Waterway",
                "item_count": 1
              }
            ],
            "map_locations": [
              {
                "map": "metroid",
                "x": 200,
                "y": 1072
              },
              {
                "map": "brinstar",
                "x": 200,
                "y": 500
              }
            ]
          },
          {
            "name": "Energy Tank, Brinstar Gate",
            "access_rules": [
              "normal,$canUsePowerBombs,wave,$countEnergyReserves:1",
              "[hard],$canUsePowerBombs,wave",
              "[hard],$canUsePowerBombs,super"
            ],
            "sections": [
              {
                "name": "Energy Tank, Brinstar Gate",
                "item_count": 1
              }
            ],
            "map_locations": [
              {
                "map": "metroid",
                "x": 616,
                "y": 912
              },
              {
                "map": "brinstar",
                "x": 616,
                "y": 340
              }
            ]
          },
          {
            "name": "Super Missile (Pink Brinstar)",
            "access_rules": [
              "$canPassBombPassages,super"
            ],
            "sections": [
              {
                "name": "Super Missile (Pink Brinstar)",
                "item_count": 1
              }
            ],
            "map_locations": [
              {
                "map": "metroid",
                "x": 712,
                "y": 944
              },
              {
                "map": "brinstar",
                "x": 712,
                "y": 372
              }
            ]
          },
          {
            "name": "Power Bomb (pink Brinstar)",
            "access_rules": [
              "normal,$canUsePowerBombs,super,$countEnergyReserves:1",
              "[hard],$canUsePowerBombs,super"
            ],
            "sections": [
              {
                "name": "Power Bomb (pink Brinstar)",
                "item_count": 1
              }
            ],
            "map_locations": [
              {
                "map": "metroid",
                "x": 424,
                "y": 912
              },
              {
                "map": "brinstar",
                "x": 424,
                "y": 340
              }
            ]
          },
          {
            "name": "Missile (pink Brinstar top)",
            "sections": [
              {
                "name": "Missile (pink Brinstar top)",
                "item_count": 1
              }
            ],
            "map_locations": [
              {
                "map": "metroid",
                "x": 487,
                "y": 879
              },
              {
                "map": "brinstar",
                "x": 488,
                "y": 308
              }
            ]
          },
          {
            "name": "Missile (pink Brinstar bottom)",
            "sections": [
              {
                "name": "Missile (pink Brinstar bottom)",
                "item_count": 1
              }
            ],
            "map_locations": [
              {
                "map": "metroid",
                "x": 488,
                "y": 976
              },
              {
                "map": "brinstar",
                "x": 488,
                "y": 404
              }
            ]
          }
        ]
      },
      {
        "name": "Brinstar Red",
        "color": "#601820",
        "access_rules": [
          "$canDestroyBombWalls,super,morph",
          "speed,super,morph",
          "@Norfair Upper Portal,ice",
          "@Norfair Upper Portal,hijump",

          "normal,@Norfair Upper Portal,space",

          "[hard],@Norfair Upper Portal,$canSpringBallJump",
          "[hard],@Norfair Upper Portal,$canFly",
        ],
        "children": [
          {
            "name": "X-Ray Scope",
            "access_rules": [
              "$canUsePowerBombs,$canOpenRedDoors,grapple",
              "$canUsePowerBombs,$canOpenRedDoors,space",

              "[hard],$canUsePowerBombs,$canOpenRedDoors,$canIbj,varia,$countEnergyReserves:3",
              "[hard],$canUsePowerBombs,$canOpenRedDoors,$canIbj,$countEnergyReserves:5",
              "[hard],$canUsePowerBombs,$canOpenRedDoors,hijump,speed,varia,$countEnergyReserves:3",
              "[hard],$canUsePowerBombs,$canOpenRedDoors,hijump,speed,$countEnergyReserves:5",
              "[hard],$canUsePowerBombs,$canOpenRedDoors,$canSpringBallJump,varia,$countEnergyReserves:3",
              "[hard],$canUsePowerBombs,$canOpenRedDoors,$canSpringBallJump,$countEnergyReserves:5"
            ],
            "sections": [
              {
                "name": "X-Ray Scope",
                "item_count": 1
              }
            ],
            "map_locations": [
              {
                "map": "metroid",
                "x": 680,
                "y": 1136
              },
              {
                "map": "brinstar",
                "x": 680,
                "y": 564
              }
            ]
          },
          {
            "name": "Spazer",
            "access_rules": [
              "$canPassBombPassages,super"
            ],
            "sections": [
              {
                "name": "Spazer",
                "item_count": 1
              }
            ],
            "map_locations": [
              {
                "map": "metroid",
                "x": 1160,
                "y": 1200
              },
              {
                "map": "brinstar",
                "x": 1160,
                "y": 628
              }
            ]
          },
          {
            "name": "Power Bomb (red Brinstar sidehopper room)",
            "access_rules": [
              "$canUsePowerBombs,super"
            ],
            "sections": [
              {
                "name": "Power Bomb (red Brinstar sidehopper room)",
                "item_count": 1
              }
            ],
            "map_locations": [
              {
                "map": "metroid",
                "x": 1064,
                "y": 912
              },
              {
                "map": "brinstar",
                "x": 1064,
                "y": 340
              }
            ]
          },
          {
            "name": "Power Bomb (red Brinstar spike room)",
            "access_rules": [
              "normal,$canUsePowerBombs,super",
              "normal,ice,super",
              "[hard],super"
            ],
            "sections": [
              {
                "name": "Power Bomb (red Brinstar spike room)",
                "item_count": 1
              }
            ],
            "map_locations": [
              {
                "map": "metroid",
                "x": 1064,
                "y": 1008
              },
              {
                "map": "brinstar",
                "x": 1064,
                "y": 436
              }
            ]
          },
          {
            "name": "Missile (red Brinstar spike room)",
            "access_rules": [
              "$canUsePowerBombs,super",
            ],
            "sections": [
              {
                "name": "Missile (red Brinstar spike room)",
                "item_count": 1
              }
            ],
            "map_locations": [
              {
                "map": "metroid",
                "x": 1032,
                "y": 1008
              },
              {
                "map": "brinstar",
                "x": 1032,
                "y": 436
              }
            ]
          }
        ]
      },
      {
        "name": "Brinstar Kraid",
        "color": "#007038",
        "access_rules": [
          "$canDestroyBombWalls,super,$canPassBombPassages",
          "speed,super,$canPassBombPassages",
          "@Norfair Upper Portal,super,$canPassBombPassages"
        ],
        "children": [
          {
            "name": "Energy Tank, Kraid",
            "access_rules": [
              "@Kraid's Lair"
            ],
            "sections": [
              {
                "name": "Energy Tank, Kraid",
                "item_count": 1
              }
            ],
            "map_locations": [
              {
                "map": "metroid",
                "x": 1320,
                "y": 1264
              },
              {
                "map": "brinstar",
                "x": 1320,
                "y": 692
              }
            ]
          },
          {
            "name": "Varia Suit",
            "access_rules": [
              "@Kraid's Lair"
            ],
            "sections": [
              {
                "name": "Varia Suit",
                "item_count": 1
              }
            ],
            "map_locations": [
              {
                "map": "metroid",
                "x": 1768,
                "y": 1264
              },
              {
                "map": "brinstar",
                "x": 1768,
                "y": 692
              }
            ]
          },
          {
            "name": "Missile (Kraid)",
            "access_rules": [
              "$canUsePowerBombs"
            ],
            "sections": [
              {
                "name": "Missile (Kraid)",
                "item_count": 1
              }
            ],
            "map_locations": [
              {
                "map": "metroid",
                "x": 1448,
                "y": 1232
              },
              {
                "map": "brinstar",
                "x": 1448,
                "y": 660
              }
            ]
          }
        ]
      }
    ]
  }
]
