[
  {
    "name": "Crateria",
    "chest_unopened_img": "images/major_unopened.png",
    "chest_opened_img": "images/major_opened.png",
    "color": "#d83890",
    "children": [
      {
        "name": "Can Enter And Leave Gauntlet",
        "access_rules": [
          "normal,@Crateria Gauntlet Door,morph,$canFly,$canIbj",
          "normal,@Crateria Gauntlet Door,morph,$canFly,$canUsePowerBombs,powerbomb:10",
          "normal,@Crateria Gauntlet Door,morph,$canFly,screw",
          "normal,@Crateria Gauntlet Door,morph,speed,$canIbj",
          "normal,@Crateria Gauntlet Door,morph,speed,$canUsePowerBombs,powerbomb:10",
          "normal,@Crateria Gauntlet Door,morph,speed,screw",

          "[hard],@Crateria Gauntlet Door,morph,bomb",
          "[hard],@Crateria Gauntlet Door,morph,powerbomb:10",
          "[hard],@Crateria Gauntlet Door,screw",
          "[hard],@Crateria Gauntlet Door,speed,$canUsePowerBombs,$countEnergyReserves:2"
        ]
      },
      {
        "name": "Crateria Central",
        "children": [
          {
            "name": "Bombs",
            "access_rules": [
              "normal,$canPassBombPassages,$canOpenRedDoors",
              "[hard],morph,$canOpenRedDoors"
            ],
            "sections": [
              {
                "name": "Bombs",
                "item_count": 1
              }
            ],
            "map_locations": [
              {
                "map": "metroid",
                "x": 840,
                "y": 272
              },
              {
                "map": "crateria",
                "x": 712,
                "y": 276
              }
            ]
          },
          {
            "name": "Super Missile (Crateria)",
            "sections": [
              {
                "name": "Super Missile (Crateria)",
                "capture_item": true,
                "access_rules": [
                  "$canUsePowerBombs,$countEnergyReserves:2,speed",
                  "{$canUsePowerBombs}"
                ],
                "item_count": 1
              }
            ],
            "map_locations": [
              {
                "map": "metroid",
                "x": 808,
                "y": 368
              },
              {
                "map": "crateria",
                "x": 680,
                "y": 372
              }
            ]
          },
          {
            "name": "Missile (Crateria middle)",
            "access_rules": [
              "$canPassBombPassages"
            ],
            "sections": [
              {
                "name": "Missile (Crateria middle)",
                "item_count": 1
              }
            ],
            "map_locations": [
              {
                "map": "metroid",
                "x": 552,
                "y": 304
              },
              {
                "map": "crateria",
                "x": 424,
                "y": 308
              }
            ]
          },
          {
            "name": "Missile (Crateria bottom)",
            "access_rules": [
              "$canDestroyBombWalls"
            ],
            "sections": [
              {
                "name": "Missile (Crateria bottom)",
                "item_count": 1
              }
            ],
            "map_locations": [
              {
                "map": "metroid",
                "x": 680,
                "y": 656
              },
              {
                "map": "crateria",
                "x": 552,
                "y": 660
              }
            ]
          },
          {
            "name": "Power Bomb (Crateria surface)",
            "access_rules": [
              "@Crateria Surface PB Door,speed",
              "@Crateria Surface PB Door,$canFly"
            ],
            "sections": [
              {
                "name": "Power Bomb (Crateria surface)",
                "item_count": 1
              }
            ],
            "map_locations": [
              {
                "map": "metroid",
                "x": 1096,
                "y": 112
              },
              {
                "map": "crateria",
                "x": 968,
                "y": 116
              }
            ]
          },
        ]
      },
      {
        "name": "Crateria West",
        "access_rules": [
          "$canDestroyBombWalls",
          "speed"
        ],
        "children": [
          {
            "name": "Energy Tank, Gauntlet",
            "sections": [
              {
                "name": "Energy Tank, Gauntlet",
                "capture_item": true,
                "access_rules": [
                  "normal,@Can Enter And Leave Gauntlet,$countEnergyReserves:1",
                  "[hard],@Can Enter And Leave Gauntlet",
                  "{@Crateria Gauntlet Door,morph,powerbomb}",
                  "{@Crateria Gauntlet Door,speed,$countEnergyReserves:2}"
                ],
                "item_count": 1
              }
            ],
            "map_locations": [
              {
                "map": "metroid",
                "x": 584,
                "y": 144
              },
              {
                "map": "crateria",
                "x": 456,
                "y": 148
              }
            ]
          },
          {
            "name": "Energy Tank, Terminator",
            "sections": [
              {
                "name": "Energy Tank, Terminator",
                "item_count": 1
              }
            ],
            "map_locations": [
              {
                "map": "metroid",
                "x": 424,
                "y": 272
              },
              {
                "map": "crateria",
                "x": 296,
                "y": 276
              }
            ]
          },
          {
            "name": "After Gauntlet",
            "sections": [
              {
                "name": "Missile (Crateria gauntlet left)",
                "capture_item": true,
                "access_rules": [
                  "normal,@Can Enter And Leave Gauntlet,$canPassBombPassages,[$countEnergyReserves:2]",
                  "[hard],@Can Enter And Leave Gauntlet,$canPassBombPassages",
                  "{$canUsePowerBombs}",
                ],
                "item_count": 1
              },
              {
                "name": "Missile (Crateria gauntlet right)",
                "capture_item": true,
                "access_rules": [
                  "normal,@Can Enter And Leave Gauntlet,$canPassBombPassages,[$countEnergyReserves:2]",
                  "[hard],@Can Enter And Leave Gauntlet,$canPassBombPassages",
                  "{$canUsePowerBombs}",
                ],
                "item_count": 1
              }
            ],
            "map_locations": [
              {
                "map": "metroid",
                "x": 392,
                "y": 176
              },
              {
                "map": "crateria",
                "x": 264,
                "y": 180
              }
            ]
          },
        ]
      },
      {
        "name": "Crateria East",
        "access_rules": [
          "@Crateria Moat Door,super",
          "@Norfair Upper Portal,@Crateria Moat Door,ice",
          "@Norfair Upper Portal,@Crateria Moat Door,hijump",

          "normal,@Norfair Upper Portal,@Crateria Moat Door,space",
          "normal,@Maridia Portal,gravity,super,$canDestroyBombWalls",
          "normal,@Maridia Portal,gravity,super,draygon",

          "[hard],@Norfair Upper Portal,@Crateria Moat Door,$canFly",
          "[hard],@Norfair Upper Portal,@Crateria Moat Door,$canSpringBallJump",
          "[hard],@Maridia Portal,super,hijump,$canPassBombPassages",
          "[hard],@Maridia Portal,gravity,draygon",
          "[hard],@Maridia Portal,gravity,$canDestroyBombWalls"
        ],
        "children": [
          {
            "name": "Missile (outside Wrecked Ship bottom)",
            "access_rules": [
              "normal,morph,speed",
              "normal,morph,grapple",
              "normal,morph,space",
              "normal,morph,gravity,$canFly",
              "normal,morph,gravity,hijump",
              "normal,@Wrecked Ship,morph",
              "[hard],morph"
            ],
            "sections": [
              {
                "name": "Missile (outside Wrecked Ship bottom)",
                "item_count": 1
              }
            ],
            "map_locations": [
              {
                "map": "metroid",
                "x": 1256,
                "y": 240
              },
              {
                "map": "crateria",
                "x": 1128,
                "y": 244
              }
            ]
          },
          {
            "name": "After Wrecked Ship",
            "access_rules": [
              "@Wrecked Ship,@After Phantoon"
            ],
            "children": [
              {
                "name": "Missile (outside Wrecked Ship top)",
                "sections": [
                  {
                    "name": "Missile (outside Wrecked Ship top)",
                    "item_count": 1
                  }
                ],
                "map_locations": [
                  {
                    "map": "metroid",
                    "x": 1290,
                    "y": 78
                  },
                  {
                    "map": "crateria",
                    "x": 1160,
                    "y": 84
                  }
                ]
              },
              {
                "name": "Missile (outside Wrecked Ship middle)",
                "sections": [
                  {
                    "name": "Missile (outside Wrecked Ship middle)",
                    "item_count": 1
                  }
                ],
                "map_locations": [
                  {
                    "map": "metroid",
                    "x": 1256,
                    "y": 143
                  },
                  {
                    "map": "crateria",
                    "x": 1128,
                    "y": 148
                  }
                ]
              }
            ]
          },
          {
            "name": "Missile (Crateria moat)",
            "sections": [
              {
                "name": "Missile (Crateria moat)",
                "item_count": 1
              }
            ],
            "map_locations": [
              {
                "map": "metroid",
                "x": 1192,
                "y": 208
              },
              {
                "map": "crateria",
                "x": 1064,
                "y": 212
              }
            ]
          }
        ]
      }
    ]
  }
]
