[
  {
    "name": "Crateria",
    "chest_unopened_img": "images/major_unopened.png",
    "chest_opened_img": "images/major_opened.png",
    "color": "#d83890",
    "children": [
      {
        "name": "Can Enter And Leave Gauntlet",
        "access_rules": [
          "normal,morph,$canFly,$canIbj",
          "normal,morph,$canFly,$canUsePowerBombs,powerbomb:10",
          "normal,morph,$canFly,screw",
          "normal,morph,speed,$canIbj",
          "normal,morph,speed,$canUsePowerBombs,powerbomb:10",
          "normal,morph,speed,screw",

          "[hard],morph,bomb",
          "[hard],morph,powerbomb:10",
          "[hard],screw",
          "[hard],speed,$canUsePowerBombs,$countEnergyReserves:2"
        ]
      },
      {
        "name": "Crateria Central",
        "children": [
          {
            "name": "Bombs",
            "access_rules": [
              "normal,$canPassBombPassages,$canOpenRedDoors",
              "[hard],morph,$canOpenRedDoors"
            ],
            "sections": [
              {
                "name": "Bombs",
                "item_count": 1
              }
            ],
            "map_locations": [
              {
                "map": "metroid",
                "x": 840,
                "y": 272
              },
              {
                "map": "crateria",
                "x": 712,
                "y": 276
              }
            ]
          },
          {
            "name": "Super Missile (Crateria)",
            "sections": [
              {
                "name": "Super Missile (Crateria)",
                "capture_item": true,
                "access_rules": [
                  "$canUsePowerBombs,$countEnergyReserves:2,speed",
                  "{$canUsePowerBombs}"
                ],
                "item_count": 1
              }
            ],
            "map_locations": [
              {
                "map": "metroid",
                "x": 808,
                "y": 368
              },
              {
                "map": "crateria",
                "x": 680,
                "y": 372
              }
            ]
          },
          {
            "name": "Missile (Crateria middle)",
            "access_rules": [
              "$canPassBombPassages"
            ],
            "sections": [
              {
                "name": "Missile (Crateria middle)",
                "item_count": 1
              }
            ],
            "map_locations": [
              {
                "map": "metroid",
                "x": 552,
                "y": 304
              },
              {
                "map": "crateria",
                "x": 424,
                "y": 308
              }
            ]
          },
          {
            "name": "Missile (Crateria bottom)",
            "access_rules": [
              "$canDestroyBombWalls"
            ],
            "sections": [
              {
                "name": "Missile (Crateria bottom)",
                "item_count": 1
              }
            ],
            "map_locations": [
              {
                "map": "metroid",
                "x": 680,
                "y": 656
              },
              {
                "map": "crateria",
                "x": 552,
                "y": 660
              }
            ]
          },
          {
            "name": "Power Bomb (Crateria surface)",
            "access_rules": [
              "$canUsePowerBombs,speed",
              "$canUsePowerBombs,$canFly"
            ],
            "sections": [
              {
                "name": "Power Bomb (Crateria surface)",
                "item_count": 1
              }
            ],
            "map_locations": [
              {
                "map": "metroid",
                "x": 1096,
                "y": 112
              },
              {
                "map": "crateria",
                "x": 968,
                "y": 116
              }
            ]
          },
        ]
      },
      {
        "name": "Crateria West",
        "access_rules": [
          "$canDestroyBombWalls",
          "speed"
        ],
        "children": [
          {
            "name": "Energy Tank, Gauntlet",
            "sections": [
              {
                "name": "Energy Tank, Gauntlet",
                "capture_item": true,
                "access_rules": [
                  "normal,@Can Enter And Leave Gauntlet,$countEnergyReserves:1",
                  "[hard],@Can Enter And Leave Gauntlet",
                  "{morph,powerbomb}",
                  "{speed,$countEnergyReserves:2}"
                ],
                "item_count": 1
              }
            ],
            "map_locations": [
              {
                "map": "metroid",
                "x": 584,
                "y": 144
              },
              {
                "map": "crateria",
                "x": 456,
                "y": 148
              }
            ]
          },
          {
            "name": "Energy Tank, Terminator",
            "sections": [
              {
                "name": "Energy Tank, Terminator",
                "item_count": 1
              }
            ],
            "map_locations": [
              {
                "map": "metroid",
                "x": 424,
                "y": 272
              },
              {
                "map": "crateria",
                "x": 296,
                "y": 276
              }
            ]
          },
          {
            "name": "After Gauntlet",
            "sections": [
              {
                "name": "Missile (Crateria gauntlet left)",
                "capture_item": true,
                "access_rules": [
                  "normal,@Can Enter And Leave Gauntlet,$canPassBombPassages,[$countEnergyReserves:2]",
                  "[hard],@Can Enter And Leave Gauntlet,$canPassBombPassages",
                  "{$canUsePowerBombs}",
                ],
                "item_count": 1
              },
              {
                "name": "Missile (Crateria gauntlet right)",
                "capture_item": true,
                "access_rules": [
                  "normal,@Can Enter And Leave Gauntlet,$canPassBombPassages,[$countEnergyReserves:2]",
                  "[hard],@Can Enter And Leave Gauntlet,$canPassBombPassages",
                  "{$canUsePowerBombs}",
                ],
                "item_count": 1
              }
            ],
            "map_locations": [
              {
                "map": "metroid",
                "x": 392,
                "y": 176
              },
              {
                "map": "crateria",
                "x": 264,
                "y": 180
              }
            ]
          },
        ]
      },
      {
        "name": "Crateria East",
        "access_rules": [
          "$canUsePowerBombs,super",
          "@Norfair Upper Portal,$canUsePowerBombs,ice",
          "@Norfair Upper Portal,$canUsePowerBombs,hijump",

          "normal,@Norfair Upper Portal,$canUsePowerBombs,space",
          "normal,@Maridia Portal,gravity,super,$canDestroyBombWalls",
          "normal,@Maridia Portal,gravity,super,draygon",

          "[hard],@Norfair Upper Portal,$canUsePowerBombs,$canFly",
          "[hard],@Norfair Upper Portal,$canUsePowerBombs,$canSpringBallJump",
          "[hard],@Maridia Portal,super,hijump,$canPassBombPassages",
          "[hard],@Maridia Portal,gravity,draygon",
          "[hard],@Maridia Portal,gravity,$canDestroyBombWalls"
        ],
        "children": [
          {
            "name": "Missile (outside Wrecked Ship bottom)",
            "access_rules": [
              "normal,speed",
              "normal,grapple",
              "normal,space",
              "normal,gravity,$canFly",
              "normal,gravity,hijump",
              "normal,@Maridia Portal",
              "[hard]"
            ],
            "sections": [
              {
                "name": "Missile (outside Wrecked Ship bottom)",
                "item_count": 1
              }
            ],
            "map_locations": [
              {
                "map": "metroid",
                "x": 1256,
                "y": 240
              },
              {
                "map": "crateria",
                "x": 1128,
                "y": 244
              }
            ]
          },
          {
            "name": "Missile (outside Wrecked Ship top)",
            "access_rules": [
              "normal,$canPassBombPassages,@Phantoon's Lair,super,speed",
              "normal,$canPassBombPassages,@Phantoon's Lair,super,grapple,hijump",
              "normal,$canPassBombPassages,@Phantoon's Lair,super,grapple,$canFly",
              "normal,$canPassBombPassages,@Phantoon's Lair,super,space",
              "normal,$canPassBombPassages,@Phantoon's Lair,super,gravity,$canFly",
              "normal,$canPassBombPassages,@Phantoon's Lair,super,gravity,hijump",

              "normal,$canPassBombPassages,@Phantoon's Lair,@Maridia Portal,hijump",
              "normal,$canPassBombPassages,@Phantoon's Lair,@Maridia Portal,$canFly",
              "normal,$canPassBombPassages,@Phantoon's Lair,@Maridia Portal,speed",

              "[hard],super,$canPassBombPassages,@Phantoon's Lair"
            ],
            "sections": [
              {
                "name": "Missile (outside Wrecked Ship top)",
                "item_count": 1
              }
            ],
            "map_locations": [
              {
                "map": "metroid",
                "x": 1290,
                "y": 78
              },
              {
                "map": "crateria",
                "x": 1160,
                "y": 84
              }
            ]
          },
          {
            "name": "Missile (outside Wrecked Ship middle)",
            "access_rules": [
              "normal,$canPassBombPassages,super,@Phantoon's Lair,speed",
              "normal,$canPassBombPassages,super,@Phantoon's Lair,grapple",
              "normal,$canPassBombPassages,super,@Phantoon's Lair,space",
              "normal,$canPassBombPassages,super,@Phantoon's Lair,gravity,$canFly",
              "normal,$canPassBombPassages,super,@Phantoon's Lair,gravity,hijump",
              "normal,$canPassBombPassages,super,@Phantoon's Lair,@Maridia Portal",

              "[hard],super,$canPassBombPassages,@Phantoon's Lair"
            ],
            "sections": [
              {
                "name": "Missile (outside Wrecked Ship middle)",
                "item_count": 1
              }
            ],
            "map_locations": [
              {
                "map": "metroid",
                "x": 1256,
                "y": 143
              },
              {
                "map": "crateria",
                "x": 1128,
                "y": 148
              }
            ]
          },
          {
            "name": "Missile (Crateria moat)",
            "sections": [
              {
                "name": "Missile (Crateria moat)",
                "item_count": 1
              }
            ],
            "map_locations": [
              {
                "map": "metroid",
                "x": 1192,
                "y": 208
              },
              {
                "map": "crateria",
                "x": 1064,
                "y": 212
              }
            ]
          }
        ]
      }
    ]
  }
]
