[
  // Key door access locations for keysanity override logic.
  {
    "name": "Crateria Gauntlet Door",
    "access_rules": []
  },
  {
    "name": "Crateria Surface PB Door",
    "access_rules": [
      "$canUsePowerBombs"
    ]
  },
  {
    "name": "Crateria Moat Door",
    "access_rules": [
      "$canUsePowerBombs"
    ]
  },
  {
    "name": "Crateria G4 Door",
    "access_rules": [
      "$canOpenRedDoors"
    ]
  },
  {
    "name": "Brinstar Blue Right Door",
    "access_rules": []
  },
  {
    "name": "Brinstar Etecoons Door",
    "access_rules": []
  },
  {
    "name": "Brinstar Wave Gate Door",
    "access_rules": []
  },
  {
    "name": "Brinstar Spore Spawn Back Door",
    "access_rules": [
      "super"
    ]
  },
  {
    "name": "Brinstar Spore Spawn Front Door",
    "access_rules": [
      "super"
    ]
  },
  {
    "name": "Brinstar Kraid Door",
    "access_rules": []
  },
  {
    "name": "Upper Norfair Ice Beam Door",
    "access_rules": [
      "super"
    ]
  },
  {
    "name": "Upper Norfair Cathedral Rising Door",
    "access_rules": [
      "super"
    ]
  },
  {
    "name": "Upper Norfair Bubble Mountain Door",
    "access_rules": []
  },
  {
    "name": "Upper Norfair Crocomire Door",
    "access_rules": [
      "super"
    ]
  },
  {
    "name": "Maridia Crab Shaft Door",
    "access_rules": []
  },
  {
    "name": "Maridia Botwoon Door",
    "access_rules": []
  },
  {
    "name": "Maridia Draygon Door",
    "access_rules": [
      "super"
    ]
  },
  {
    "name": "Wrecked Ship Bowling Alley Door",
    "access_rules": []
  },
  {
    "name": "Wrecked Ship Phantoon Door",
    "access_rules": []
  },
  {
    "name": "Lower Norfair Amphitheatre Door",
    "access_rules": []
  },
  {
    "name": "Lower Norfair Ridley Door",
    "access_rules": []
  }
]
