[
  {
    "name": "Lower Norfair",
    "chest_unopened_img": "images/major_unopened.png",
    "chest_opened_img": "images/major_opened.png",
    "color": "#700010",
    "children": [
      {
        "name": "Norfair Lower West",
        "access_rules": [
          "normal,varia,@Norfair Upper East,$canUsePowerBombs,space,gravity",
          "normal,varia,@Norfair Lower Portal,$canDestroyBombWalls",

          "[hard],@Norfair Upper East,$canUsePowerBombs,varia,hijump",
          "[hard],@Norfair Upper East,$canUsePowerBombs,varia,gravity",
          "[hard],@Norfair Lower Portal,$canDestroyBombWalls"
        ],
        "children": [
          {
            "name": "Screw Attack",
            "access_rules": [
              "normal,$canDestroyBombWalls,space,$canUsePowerBombs",
              "normal,$canDestroyBombWalls,@Norfair Lower Portal",

              "[hard],$canDestroyBombWalls,varia",
              "[hard],$canDestroyBombWalls,@Norfair Lower Portal"
            ],
            "sections": [
              {
                "name": "Screw Attack",
                "item_count": 1
              }
            ],
            "map_locations": [
              {
                "map": "metroid",
                "x": 1576,
                "y": 1808
              },
              {
                "map": "norfair",
                "x": 696,
                "y": 596
              }
            ]
          },
          {
            "name": "Missile (Gold Torizo)",
            "sections": [
              {
                "name": "Missile (Gold Torizo)",
                "capture_item": true,
                "access_rules": [
                  "normal,$canUsePowerBombs,space,super",

                  "[hard],$canUsePowerBombs,space,varia,hijump",
                  "[hard],$canUsePowerBombs,space,varia,gravity",
                  "[hard],$canUsePowerBombs,space,varia,@Norfair Lower Portal,super,$canFly",
                  "[hard],$canUsePowerBombs,space,varia,@Norfair Lower Portal,super,$canSpringBallJump",
                  "[hard],$canUsePowerBombs,space,varia,@Norfair Lower Portal,super,speed",

                  // Allow viewable on hard mode via green gate glitch.
                  "{hard,super}",
                  "{@Norfair Lower Portal}"
                ],
                "item_count": 1
              }
            ],
            "map_locations": [
              {
                "map": "metroid",
                "x": 1512,
                "y": 1776
              },
              {
                "map": "norfair",
                "x": 632,
                "y": 564
              }
            ]
          },
          {
            "name": "Super Missile (Gold Torizo)",
            "access_rules": [
              "normal,$canDestroyBombWalls,super,@Norfair Lower Portal",
              "normal,$canDestroyBombWalls,super,space,$canUsePowerBombs",
              "normal,$canDestroyBombWalls,charge,@Norfair Lower Portal",
              "normal,$canDestroyBombWalls,charge,space,$canUsePowerBombs",

              "[hard],$canDestroyBombWalls,varia,super",
              "[hard],$canDestroyBombWalls,varia,charge"
            ],
            "sections": [
              {
                "name": "Super Missile (Gold Torizo)",
                "item_count": 1
              }
            ],
            "map_locations": [
              {
                "map": "metroid",
                "x": 1544,
                "y": 1776
              },
              {
                "map": "norfair",
                "x": 664,
                "y": 564
              }
            ]
          }
        ]
      },
      {
        "name": "Norfair Lower East",
        "access_rules": [
          "normal,varia,@Norfair Upper East,$canUsePowerBombs,space,gravity",
          "normal,varia,@Norfair Lower Portal,$canDestroyBombWalls,super,$canUsePowerBombs,$canFly",

          "[hard],varia,@Norfair Upper East,$canUsePowerBombs,hijump",

          "[hard],varia,@Norfair Upper East,$canUsePowerBombs,gravity,$canFly",
          "[hard],varia,@Norfair Upper East,$canUsePowerBombs,gravity,$canSpringBallJump",
          "[hard],varia,@Norfair Upper East,$canUsePowerBombs,gravity,ice,charge",

          "[hard],varia,@Norfair Lower Portal,$canDestroyBombWalls,super,$canFly,$canPassBombPassages",
          "[hard],varia,@Norfair Lower Portal,$canDestroyBombWalls,super,screw,space,morph",
          "[hard],varia,@Norfair Lower Portal,$canDestroyBombWalls,super,screw,space,$countEnergyReserves:5",

          "[hard],varia,@Norfair Lower Portal,$canDestroyBombWalls,super,$canSpringBallJump,$canPassBombPassages",
          "[hard],varia,@Norfair Lower Portal,$canDestroyBombWalls,super,$canSpringBallJump,screw,space",

          "[hard],varia,@Norfair Lower Portal,$canDestroyBombWalls,super,speed,hijump,$canPassBombPassages",
          "[hard],varia,@Norfair Lower Portal,$canDestroyBombWalls,super,speed,ice,charge,$canPassBombPassages",
        ],
        "children": [
          {
            "name": "Missile (Mickey Mouse room)",
            "access_rules": [
              "morph,$canDestroyBombWalls"
            ],
            "sections": [
              {
                "name": "Missile (Mickey Mouse room)",
                "item_count": 1
              }
            ],
            "map_locations": [
              {
                "map": "metroid",
                "x": 1832,
                "y": 1616
              },
              {
                "map": "norfair",
                "x": 952,
                "y": 404
              }
            ]
          },
          {
            "name": "Missile (lower Norfair above fire flea room)",
            "sections": [
              {
                "name": "Missile (lower Norfair above fire flea room)",
                "item_count": 1
              }
            ],
            "map_locations": [
              {
                "map": "metroid",
                "x": 2056,
                "y": 1456
              },
              {
                "map": "norfair",
                "x": 1176,
                "y": 244
              }
            ]
          },
          {
            "name": "Power Bomb (lower Norfair above fire flea room)",
            "access_rules": [
              "$canPassBombPassages"
            ],
            "sections": [
              {
                "name": "Power Bomb (lower Norfair above fire flea room)",
                "item_count": 1
              }
            ],
            "map_locations": [
              {
                "map": "metroid",
                "x": 2120,
                "y": 1488
              },
              {
                "map": "norfair",
                "x": 1240,
                "y": 276
              }
            ]
          },
          {
            "name": "Power Bomb (Power Bombs of shame)",
            "access_rules": [
              "$canUsePowerBombs"
            ],
            "sections": [
              {
                "name": "Power Bomb (Power Bombs of shame)",
                "item_count": 1
              }
            ],
            "map_locations": [
              {
                "map": "metroid",
                "x": 1960,
                "y": 1744
              },
              {
                "map": "norfair",
                "x": 1080,
                "y": 532
              }
            ]
          },
          {
            "name": "Missile (lower Norfair near Wave Beam)",
            "access_rules": [
              "morph,$canDestroyBombWalls"
            ],
            "sections": [
              {
                "name": "Missile (lower Norfair near Wave Beam)",
                "item_count": 1
              }
            ],
            "map_locations": [
              {
                "map": "metroid",
                "x": 1864,
                "y": 1456
              },
              {
                "map": "norfair",
                "x": 984,
                "y": 244
              }
            ]
          },
          {
            "name": "Energy Tank, Ridley",
            "access_rules": [
              "@Ridley's Lair,$canUsePowerBombs,super"
            ],
            "sections": [
              {
                "name": "Energy Tank, Ridley",
                "item_count": 1
              }
            ],
            "map_locations": [
              {
                "map": "metroid",
                "x": 1640,
                "y": 1840
              },
              {
                "map": "norfair",
                "x": 760,
                "y": 628
              }
            ]
          },
          {
            "name": "Energy Tank, Firefleas",
            "sections": [
              {
                "name": "Energy Tank, Firefleas",
                "item_count": 1
              }
            ],
            "map_locations": [
              {
                "map": "metroid",
                "x": 2122,
                "y": 1646
              },
              {
                "map": "norfair",
                "x": 1240,
                "y": 436
              }
            ]
          },
        ]
      }
    ]
  }
]
