[
  {
    "name": "Lower Norfair",
    "chest_unopened_img": "images/major_unopened.png",
    "chest_opened_img": "images/major_opened.png",
    "color": "#700010",
    "children": [
      {
        "name": "CanExitLowerNorfair",
        "access_rules": [
          "normal,@CardNorfairL2",
          "normal,wave,gravity",
          "[hard]"
        ]
      },
      {
        "name": "Norfair Lower West",
        "access_rules": [
          "normal,varia,@Norfair Upper East,@CanUsePowerBombs,space,gravity,@CardNorfairL1,speed",
          "normal,varia,@Norfair Upper East,@CanUsePowerBombs,space,gravity,@CardNorfairL2",
          "normal,varia,@Norfair Upper East,@CanUsePowerBombs,space,gravity,wave,speed",
          "normal,varia,@CanAccessNorfairLowerPortal,@CanDestroyBombWalls",

          "[hard],@Norfair Upper East,@CanUsePowerBombs,varia,hijump",
          "[hard],@Norfair Upper East,@CanUsePowerBombs,varia,gravity",
          "[hard],@CanAccessNorfairLowerPortal,@CanDestroyBombWalls"
        ],
        "children": [
          {
            "name": "Screw Attack",
            "access_rules": [
              "normal,@CanDestroyBombWalls,space,@CanUsePowerBombs",
              "normal,@CanDestroyBombWalls,@CanAccessNorfairLowerPortal",

              "[hard],@CanDestroyBombWalls,varia",
              "[hard],@CanDestroyBombWalls,@CanAccessNorfairLowerPortal"
            ],
            "sections": [
              {
                "name": "Screw Attack",
                "item_count": 1
              }
            ],
            "map_locations": [
              {
                "map": "metroid",
                "x": 1576,
                "y": 1808
              },
              {
                "map": "norfair",
                "x": 696,
                "y": 596
              }
            ]
          },
          {
            "name": "Missile (Gold Torizo)",
            "sections": [
              {
                "name": "Missile (Gold Torizo)",
                "capture_item": true,
                "access_rules": [
                  "normal,@CanUsePowerBombs,space,super",

                  "[hard],@CanUsePowerBombs,space,varia,hijump",
                  "[hard],@CanUsePowerBombs,space,varia,gravity",
                  "[hard],@CanUsePowerBombs,space,varia,@CanAccessNorfairLowerPortal,super,@CanFly",
                  "[hard],@CanUsePowerBombs,space,varia,@CanAccessNorfairLowerPortal,super,@CanSpringBallJump",
                  "[hard],@CanUsePowerBombs,space,varia,@CanAccessNorfairLowerPortal,super,speed",

                  // Allow viewable on hard mode via green gate glitch.
                  "{hard,super}",
                  "{@CanAccessNorfairLowerPortal}"
                ],
                "item_count": 1
              }
            ],
            "map_locations": [
              {
                "map": "metroid",
                "x": 1512,
                "y": 1776
              },
              {
                "map": "norfair",
                "x": 632,
                "y": 564
              }
            ]
          },
          {
            "name": "Super Missile (Gold Torizo)",
            "access_rules": [
              "normal,@CanDestroyBombWalls,super,@CanAccessNorfairLowerPortal",
              "normal,@CanDestroyBombWalls,super,space,@CanUsePowerBombs",
              "normal,@CanDestroyBombWalls,charge,@CanAccessNorfairLowerPortal",
              "normal,@CanDestroyBombWalls,charge,space,@CanUsePowerBombs",

              "[hard],@CanDestroyBombWalls,varia,super",
              "[hard],@CanDestroyBombWalls,varia,charge"
            ],
            "sections": [
              {
                "name": "Super Missile (Gold Torizo)",
                "item_count": 1
              }
            ],
            "map_locations": [
              {
                "map": "metroid",
                "x": 1544,
                "y": 1776
              },
              {
                "map": "norfair",
                "x": 664,
                "y": 564
              }
            ]
          }
        ]
      },
      {
        "name": "Norfair Lower East",
        "access_rules": [
          "normal,varia,@Norfair Upper East,@CanUsePowerBombs,space,gravity",
          "normal,varia,@CanAccessNorfairLowerPortal,@CanDestroyBombWalls,super,@CanUsePowerBombs,@CanFly",

          "[hard],varia,@Norfair Upper East,@CanUsePowerBombs,hijump",

          "[hard],varia,@Norfair Upper East,@CanUsePowerBombs,gravity,@CanFly",
          "[hard],varia,@Norfair Upper East,@CanUsePowerBombs,gravity,@CanSpringBallJump",
          "[hard],varia,@Norfair Upper East,@CanUsePowerBombs,gravity,ice,charge",

          "[hard],varia,@CanAccessNorfairLowerPortal,@CanDestroyBombWalls,super,@CanFly,@CanPassBombPassages",
          "[hard],varia,@CanAccessNorfairLowerPortal,@CanDestroyBombWalls,super,screw,space,morph",
          "[hard],varia,@CanAccessNorfairLowerPortal,@CanDestroyBombWalls,super,screw,space,alltanks:5",

          "[hard],varia,@CanAccessNorfairLowerPortal,@CanDestroyBombWalls,super,@CanSpringBallJump,@CanPassBombPassages",
          "[hard],varia,@CanAccessNorfairLowerPortal,@CanDestroyBombWalls,super,@CanSpringBallJump,screw,space",

          "[hard],varia,@CanAccessNorfairLowerPortal,@CanDestroyBombWalls,super,speed,hijump,@CanPassBombPassages",
          "[hard],varia,@CanAccessNorfairLowerPortal,@CanDestroyBombWalls,super,speed,ice,charge,@CanPassBombPassages"
        ],
        "children": [
          {
            "name": "Missile (Mickey Mouse room)",
            "access_rules": [
              "morph,@CanDestroyBombWalls"
            ],
            "sections": [
              {
                "name": "Missile (Mickey Mouse room)",
                "item_count": 1
              }
            ],
            "map_locations": [
              {
                "map": "metroid",
                "x": 1832,
                "y": 1616
              },
              {
                "map": "norfair",
                "x": 952,
                "y": 404
              }
            ]
          },
          {
            "name": "Missile (lower Norfair above fire flea room)",
            "access_rules": [
              "@CanExitLowerNorfair,@CardLowerNorfairL1"
            ],
            "sections": [
              {
                "name": "Missile (lower Norfair above fire flea room)",
                "item_count": 1
              }
            ],
            "map_locations": [
              {
                "map": "metroid",
                "x": 2056,
                "y": 1456
              },
              {
                "map": "norfair",
                "x": 1176,
                "y": 244
              }
            ]
          },
          {
            "name": "Power Bomb (lower Norfair above fire flea room)",
            "access_rules": [
              "normal,@CanExitLowerNorfair,@CardLowerNorfairL1",
              "[hard],@CanExitLowerNorfair,@CardLowerNorfairL1,@CanPassBombPassages"
            ],
            "sections": [
              {
                "name": "Power Bomb (lower Norfair above fire flea room)",
                "item_count": 1
              }
            ],
            "map_locations": [
              {
                "map": "metroid",
                "x": 2120,
                "y": 1488
              },
              {
                "map": "norfair",
                "x": 1240,
                "y": 276
              }
            ]
          },
          {
            "name": "Power Bomb (Power Bombs of shame)",
            "access_rules": [
              "@CanExitLowerNorfair,@CardLowerNorfairL1,@CanUsePowerBombs"
            ],
            "sections": [
              {
                "name": "Power Bomb (Power Bombs of shame)",
                "item_count": 1
              }
            ],
            "map_locations": [
              {
                "map": "metroid",
                "x": 1960,
                "y": 1744
              },
              {
                "map": "norfair",
                "x": 1080,
                "y": 532
              }
            ]
          },
          {
            "name": "Missile (lower Norfair near Wave Beam)",
            "access_rules": [
              "normal,@CanExitLowerNorfair,@CardLowerNorfairL1",
              "[hard],@CanExitLowerNorfair,@CardLowerNorfairL1,morph,@CanDestroyBombWalls"
            ],
            "sections": [
              {
                "name": "Missile (lower Norfair near Wave Beam)",
                "item_count": 1
              }
            ],
            "map_locations": [
              {
                "map": "metroid",
                "x": 1864,
                "y": 1456
              },
              {
                "map": "norfair",
                "x": 984,
                "y": 244
              }
            ]
          },
          {
            "name": "Energy Tank, Ridley",
            "access_rules": [
              "@CanExitLowerNorfair,@CardLowerNorfairL1,@CardLowerNorfairBoss,@CanUsePowerBombs,super"
            ],
            "sections": [
              {
                "name": "Energy Tank, Ridley",
                "item_count": 1
              }
            ],
            "map_locations": [
              {
                "map": "metroid",
                "x": 1640,
                "y": 1840
              },
              {
                "map": "norfair",
                "x": 760,
                "y": 628
              }
            ]
          },
          {
            "name": "Energy Tank, Firefleas",
            "access_rules": [
              "@CanExitLowerNorfair,@CardLowerNorfairL1"
            ],
            "sections": [
              {
                "name": "Energy Tank, Firefleas",
                "item_count": 1
              }
            ],
            "map_locations": [
              {
                "map": "metroid",
                "x": 2122,
                "y": 1646
              },
              {
                "map": "norfair",
                "x": 1240,
                "y": 436
              }
            ]
          }
        ]
      }
    ]
  }
]
