[
  {
    "name": "Hyrule Castle",
    "color": "#701d43",
    "map_locations": [
      {
        "map": "lightworld",
        "x": 1003,
        "y": 906
      },
      {
        "map": "lightworld",
        "x": 925,
        "y": 536
      }
    ],
    "sections": [
      {
        "name": "Dungeon",
        "clear_as_group": false,
        "item_count": 3
      },
      {
        "name": "Dark Cross",
        "access_rules": [
          "[lamp]"
        ],
        "item_count": 1
      },
      {
        "name": "Back of Escape",
        "clear_as_group": true,
        "access_rules": [
          "lift1",
          "hc_smallkey:1,[lamp]"
        ],
        "item_count": 3
      },
      {
        "name": "Sanctuary",
        "item_count": 1
      }
    ]
  },
  {
    "name": "Eastern Palace",
    "color": "#af0000",
    "sections": [
      {
        "name": "Front",
        "clear_as_group": false,
        "item_count": 3
      },
      {
        "name": "Big Key Chest",
        "access_rules": [
          "[lamp]"
        ],
        "item_count": 1
      },
      {
        "name": "Big Chest",
        "access_rules": [
          "ep_bigkey"
        ],
        "item_count": 1
      },
      {
        "name": "Armos Knights",
        "access_rules": [
          "ep_bigkey,bow,[lamp]"
        ],
        "item_count": 1,
        "hosted_item": "easternpalace"
      }
    ],
    "map_locations": [
      {
        "map": "lightworld",
        "x": 1925,
        "y": 791
      }
    ]
  },
  {
    "name": "DesertPalaceCanBeatBoss",
    "access_rules": [
      "[sword]",
      "hammer",
      "bow",
      "firerod",
      "icerod",
      "byrna",
      "somaria"
    ]
  },
  {
    "name": "Desert Palace",
    "color": "#af0000",
    "access_rules": [
      "book",
      "mirror,lift2,flute",
      "@CanAccessMiseryMirePortal,mirror"
    ],
    "sections": [
      {
        "name": "Map Chest",
        "item_count": 1
      },
      {
        "name": "Torch",
        "capture_item": true,
        "access_rules": [
          "boots",
          "{}"
        ],
        "item_count": 1
      },
      {
        "name": "Right Side",
        "clear_as_group": false,
        "access_rules": [
          "[dp_smallkey:1]"
        ],
        "item_count": 2
      },
      {
        "name": "Big Chest",
        "access_rules": [
          "dp_bigkey"
        ],
        "item_count": 1
      },
      {
        "name": "Lanmolas",
        "access_rules": [
          "lift1,dp_bigkey,[dp_smallkey:1],@CanLightTorches,@DesertPalaceCanBeatBoss",
          "@CanAccessMiseryMirePortal,mirror,dp_bigkey,[dp_smallkey:1],@CanLightTorches,@DesertPalaceCanBeatBoss"
        ],
        "item_count": 1,
        "hosted_item": "desertpalace"
      }
    ],
    "map_locations": [
      {
        "map": "lightworld",
        "x": 146,
        "y": 1584
      }
    ]
  },
  {
    "name": "Tower of Hera",
    "color": "#af0000",
    "access_rules": [
      "@Light World Death Mountain West,mirror",
      "@Light World Death Mountain West,hookshot,hammer"
    ],
    "sections": [
      {
        "name": "Entrance",
        "clear_as_group": false,
        "item_count": 2
      },
      {
        "name": "Basement",
        "access_rules": [
          "toh_smallkey:1,@CanLightTorches"
        ],
        "item_count": 1
      },
      {
        "name": "Upper",
        "access_rules": [
          "toh_bigkey"
        ],
        "clear_as_group": false,
        "item_count": 2
      },
      {
        "name": "Moldorm",
        "access_rules": [
          "toh_bigkey,sword",
          "toh_bigkey,hammer"
        ],
        "item_count": 1,
        "hosted_item": "towerofhera"
      }
    ],
    "map_locations": [
      {
        "map": "lightworld",
        "x": 1126,
        "y": 68
      }
    ]
  },
  {
    "name": "Castle Tower",
    "color": "#701d43",
    "access_rules": [
      "@CanKillManyEnemies,cape",
      "@CanKillManyEnemies,sword2"
    ],
    "map_locations": [
      {
        "map": "lightworld",
        "x": 1003,
        "y": 807
      }
    ],
    "sections": [
      {
        "name": "Foyer",
        "item_count": 1
      },
      {
        "name": "Dark Maze",
        "access_rules": [
          "[lamp],at_smallkey:1"
        ],
        "item_count": 1
      },
      {
        "name": "Agahnim",
        "access_rules": [
          "[lamp],at_smallkey:2,sword"
        ],
        "hosted_item": "aga1"
      }
    ]
  },
  {
    "name": "Palace of Darkness",
    "color": "#af0000",
    "access_rules": [
      "pearl,@Dark World North East"
    ],
    "sections": [
      {
        "name": "Entrance",
        "item_count": 1
      },
      {
        "name": "Big Key Chest",
        "access_rules": [
          "[pod_smallkey:6],pod_smallkey:1"
        ],
        "item_count": 1
      },
      {
        "name": "Front",
        "clear_as_group": false,
        "access_rules": [
          "bow,hammer",
          "pod_smallkey:1"
        ],
        "item_count": 2
      },
      {
        "name": "Right Side",
        "clear_as_group": false,
        "access_rules": [
          "bow",
          "[bow],bottle"
        ],
        "item_count": 2
      },
      {
        "name": "Back",
        "clear_as_group": false,
        "access_rules": [
          "[lamp],[pod_smallkey:6],pod_smallkey:1,bow,hammer",
          "[lamp],[pod_smallkey:6],pod_smallkey:2"
        ],
        "item_count": 6
      },
      {
        "name": "Big Chest",
        "access_rules": [
          "@Palace of Darkness/Back,pod_bigkey"
        ],
        "item_count": 1
      },
      {
        "name": "Helmasaur King",
        "access_rules": [
          "[lamp],[pod_smallkey:6],pod_smallkey:1,pod_bigkey,bow,hammer"
        ],
        "item_count": 1,
        "hosted_item": "palaceofdarkness"
      }
    ],
    "map_locations": [
      {
        "map": "darkworld",
        "x": 1924,
        "y": 800
      }
    ]
  },
  {
    "name": "Swamp Palace",
    "color": "#af0000",
    "access_rules": [
      "pearl,mirror,flippers,@Dark World South"
    ],
    "sections": [
      {
        "name": "Entrance",
        "item_count": 1
      },
      {
        "name": "Bomb Wall",
        "access_rules": [
          "sp_smallkey:1"
        ],
        "item_count": 1
      },
      {
        "name": "Front",
        "clear_as_group": false,
        "access_rules": [
          "sp_smallkey:1,hammer"
        ],
        "item_count": 3
      },
      {
        "name": "Big Chest",
        "access_rules": [
          "sp_bigkey,sp_smallkey:1,hammer"
        ],
        "item_count": 1
      },
      {
        "name": "Back",
        "clear_as_group": false,
        "access_rules": [
          "sp_smallkey:1,hammer,hookshot"
        ],
        "item_count": 3
      },
      {
        "name": "Arrgus",
        "access_rules": [
          "sp_smallkey:1,hammer,hookshot"
        ],
        "item_count": 1,
        "hosted_item": "swamppalace"
      }
    ],
    "map_locations": [
      {
        "map": "darkworld",
        "x": 940,
        "y": 1880
      }
    ]
  },
  {
    "name": "Skull Woods",
    "access_rules": [
      "pearl,@Dark World North West"
    ],
    "color": "#af0000",
    "sections": [
      {
        "name": "Front",
        "clear_as_group": false,
        "item_count": 5
      },
      {
        "name": "Big Chest",
        "access_rules": [
          "sw_bigkey"
        ],
        "item_count": 1
      },
      {
        "name": "Back",
        "access_rules": [
          "firerod"
        ],
        "item_count": 1
      },
      {
        "name": "Mothula",
        "access_rules": [
          "firerod,sword,[sw_smallkey:3]"
        ],
        "item_count": 1,
        "hosted_item": "skullwoods"
      }
    ],
    "map_locations": [
      {
        "map": "darkworld",
        "x": 79,
        "y": 121
      }
    ]
  },
  {
    "name": "Thieves' Town",
    "color": "#af0000",
    "access_rules": [
      "pearl,@Dark World North West"
    ],
    "sections": [
      {
        "name": "Front",
        "clear_as_group": false,
        "item_count": 4
      },
      {
        "name": "Attic",
        "access_rules": [
          "tt_bigkey,[tt_smallkey:1]"
        ],
        "item_count": 1
      },
      {
        "name": "Blind's Cell",
        "access_rules": [
          "tt_bigkey"
        ],
        "item_count": 1
      },
      {
        "name": "Big Chest",
        "access_rules": [
          "tt_bigkey,hammer,[tt_smallkey:1]"
        ],
        "item_count": 1
      },
      {
        "name": "Blind",
        "access_rules": [
          "tt_bigkey,[tt_smallkey:1],sword",
          "tt_bigkey,[tt_smallkey:1],hammer",
          "tt_bigkey,[tt_smallkey:1],somaria",
          "tt_bigkey,[tt_smallkey:1],byrna"
        ],
        "item_count": 1,
        "hosted_item": "thievestown"
      }
    ],
    "map_locations": [
      {
        "map": "darkworld",
        "x": 251,
        "y": 971
      }
    ]
  },
  {
    "name": "Ice Palace",
    "color": "#af0000",
    "access_rules": [
      "[flippers],pearl,lift2,@CanMeltFreezors"
    ],
    "sections": [
      {
        "name": "Left Side",
        "clear_as_group": false,
        "item_count": 3
      },
      {
        "name": "Big Chest",
        "access_rules": [
          "ip_bigkey"
        ],
        "item_count": 1
      },
      {
        "name": "Right Side",
        "access_rules": [
          "hookshot,[hammer]",
          "[hookshot],[hammer],somaria",  // For icebreaker
          "[ip_bigkey],ip_smallkey:1,[hammer]"
        ],
        "clear_as_group": false,
        "item_count": 3
      },
      {
        "name": "Kholdstare",
        "access_rules": [
          "[ip_bigkey],[ip_smallkey:1],somaria,hammer",
          "[ip_bigkey],[ip_smallkey:2],hammer"
        ],
        "item_count": 1,
        "hosted_item": "icepalace"
      }
    ],
    "map_locations": [
      {
        "map": "darkworld",
        "x": 1600,
        "y": 1735
      }
    ]
  },
  {
    "name": "Misery Mire",
    "color": "#af0000",
    "access_rules": [
      "mm_medallion,sword,pearl,boots,@Dark World Mire",
      "mm_medallion,sword,pearl,hookshot,@Dark World Mire",
      "quake,ether,bombos,sword,pearl,boots,@Dark World Mire",
      "quake,ether,bombos,sword,pearl,hookshot,@Dark World Mire"
    ],
    "sections": [
      {
        "name": "Right Side",
        "clear_as_group": false,
        "access_rules": [
          "[mm_bigkey]",
          "[mm_smallkey:1]"
        ],
        "item_count": 4
      },
      {
        "name": "Big Chest",
        "access_rules": [
          "mm_bigkey"
        ],
        "item_count": 1
      },
      {
        "name": "Left Side",
        "clear_as_group": false,
        "access_rules": [
          "@CanLightTorches,[mm_smallkey:3]"
        ],
        "item_count": 2
      },
      {
        "name": "Vitreous",
        "access_rules": [
          "[lamp],somaria,mm_bigkey"
        ],
        "item_count": 1,
        "hosted_item": "miserymire"
      }
    ],
    "map_locations": [
      {
        "map": "darkworld",
        "x": 150,
        "y": 1670
      }
    ]
  },
  {
    "name": "Turtle Rock",
    "color": "#af0000",
    "access_rules": [
      "@Light World Death Mountain East,tr_medallion,sword,pearl,lift2,hammer,somaria",
      "@Light World Death Mountain East,bombos,ether,quake,sword,pearl,lift2,hammer,somaria"
    ],
    "sections": [
      {
        "name": "Entrance",
        "item_count": 1
      },
      {
        "name": "Roller Room",
        "clear_as_group": false,
        "access_rules": [
          "firerod"
        ],
        "item_count": 2
      },
      {
        "name": "Chain Chomps",
        "access_rules": [
          "tr_smallkey:1"
        ],
        "item_count": 1
      },
      {
        "name": "Big Key Chest",
        "access_rules": [
          "[tr_smallkey:4],tr_smallkey:2"
        ],
        "item_count": 1
      },
      {
        "name": "Big Chest",
        "access_rules": [
          "tr_smallkey:2,tr_bigkey"
        ],
        "item_count": 1
      },
      {
        "name": "Crystaroller Room",
        "access_rules": [
          "tr_smallkey:2,tr_bigkey"
        ],
        "item_count": 1
      },
      {
        "name": "Laser Bridge",
        "clear_as_group": false,
        "access_rules": [
          "tr_bigkey,[tr_smallkey:3],tr_smallkey:2,[lamp],[cape]",
          "tr_bigkey,[tr_smallkey:3],tr_smallkey:2,[lamp],[byrna]",
          "tr_bigkey,[tr_smallkey:3],tr_smallkey:2,[lamp],[shield3]"
        ],
        "item_count": 4
      },
      {
        "name": "Trinexx",
        "access_rules": [
          "tr_bigkey,[tr_smallkey:4],tr_smallkey:3,[lamp],firerod,icerod"
        ],
        "item_count": 1,
        "hosted_item": "turtlerock"
      }
    ],
    "map_locations": [
      {
        "map": "darkworld",
        "x": 1890,
        "y": 144
      }
    ],
    "children": [
      // Put Mimic Cave here to allow for different keysanity override.
      {
        "name": "Mimic Cave",
        "color": "#934f17",
        "access_rules": [
          "mirror,tr_smallkey:2"
        ],
        "sections": [
          {
            "name": "Mimic Cave",
            "item_count": 1
          }
        ],
        "map_locations": [
          {
            "map": "lightworld",
            "x": 1694,
            "y": 190
          },
          {
            "map": "darkworld",
            "x": 1693,
            "y": 205
          }
        ]
      }
    ]
  },
  {
    "name": "Ganon's Tower",
    "color": "#af0000",
    "access_rules": [
      "@Dark World Death Mountain East,pearl,$gtCrystalCount"
    ],
    "sections": [
      {
        "name": "Dungeon",
        "clear_as_group": false,
        "access_rules": [
          "[hammer],[firerod],[hookshot],[boots],[somaria],[gt_smallkey:2],[gt_bigkey]"
        ],
        "item_count": 23
      },
      {
        "name": "Tower",
        "clear_as_group": false,
        "access_rules": [
          "gt_bigkey,gt_smallkey:1,[gt_smallkey:4],bow,@CanLightTorches,[hookshot]"
        ],
        "item_count": 4
      }
    ],
    "map_locations": [
      {
        "map": "darkworld",
        "x": 1126,
        "y": 68
      }
    ]
  }
]
