﻿{
  "tracker_broadcast": {
    "type": "array",
    "orientation": "vertical",
    "margin": "0,0",
    "content": [
      {
        "type": "array",
        "orientation": "horizontal",
        "margin": "0,0",
        "content": [
          {
            "type": "itemgrid",
            "h_alignment": "center",
            "item_margin": "1,2",
            "rows": [
              [ "bowandarrows", "boomerangs", "hookshot", "bombs", "powder", "mushroom", "aga"],
              [ "firerod", "icerod", "bombos", "ether", "quake", "shovel", "kraid"],
              [ "lamp", "hammer", "ocarina", "net", "book", "pearl", "phantoon"],
              [ "bottle", "somaria", "byrna", "cape", "mirror", "gomode", "draygon"],
              [ "lift1", "boots", "flippers", "halfmagic", "", "", "ridley"],
              [ "easternpalace", "desertpalace", "towerofhera", "", "owsword", "shield", "armor"],
              [ "palaceofdarkness", "swamppalace", "skullwoods", "thievestown", "icepalace", "miserymire", "turtlerock"]
            ]
          },
          {
            "type": "array",
            "orientation": "vertical",
            "h_alignment": "center",
            "v_alignment": "top",
            "margin": "0,0",
            "content": [
              {
                "type": "itemgrid",
                "item_margin": "1,2",
                "h_alignment": "left",
                "rows": [
                  [ "charge", "ice", "wave", "spazer", "plasma"],
                  [ "morph", "bomb", "spring", "space","screw"],
                  [ "varia", "gravity", "hijump", "speed", ""],
                  [ "grapple", "xray", "etank", "reservetank", ""],
                  [ "missile", "supermissile", "powerbomb", "", ""]
                ]
              },
              {
                "type": "item",
                "item": "difficulty"
              }
            ]
          }
        ]
      }
    ]
  },
}
