{
  "shared_maps": {
    "type": "tabbed",
    "tabs": [
      {
        "title": "Super Metroid",
        "content": {
          "type": "tabbed",
          "tabs": [
            {
              "title": "Full",
              "content": {
                "type": "map",
                "maps": [
                  "metroid"
                ]
              }
            },
            {
              "title": "Crateria",
              "content": {
                "type": "map",
                "maps": [
                  "crateria"
                ]
              }
            },
            {
              "title": "Brinstar",
              "content": {
                "type": "map",
                "maps": [
                  "brinstar"
                ]
              }
            },
            {
              "title": "Wrecked Ship",
              "content": {
                "type": "map",
                "maps": [
                  "wreckedship"
                ]
              }
            },
            {
              "title": "Maridia",
              "content": {
                "type": "map",
                "maps": [
                  "maridia"
                ]
              }
            },
            {
              "title": "Norfair",
              "content": {
                "type": "map",
                "maps": [
                  "norfair"
                ]
              }
            }
          ]
        }
      },
      {
        "title": "Link to the Past",
        "content": {
          "type": "tabbed",
          "tabs": [
            {
              "title": "Full",
              "content": {
                "type": "map",
                "maps": [
                  "lightworld", "darkworld"
                ]
              }
            },
            {
              "title": "Light World",
              "content": {
                "type": "map",
                "maps": [
                  "lightworld"
                ]
              }
            },
            {
              "title": "Dark World",
              "content": {
                "type": "map",
                "maps": [
                  "darkworld"
                ]
              }
            }
          ]
        }
      },
      {
        "title": "Both",
        "content": {
          "type": "array",
          "orientation": "horizontal",
          "h_alignment": "center",
          "content": [
            {
              "type": "map",
              "orientation": "vertical",
              "maps": [
                "lightworld", "darkworld"
              ]
            },
            {
              "type": "map",
              "maps": [
                "metroid"
              ]
            }
          ]
        }
      }
    ]
  }
}
