﻿{
  "alttp_item_grid": {
    "type": "itemgrid",
    "h_alignment": "center",
    "item_margin": "1,2",
    "rows": [
      [ "bowandarrows", "boomerangs", "hookshot", "bombs", "powder", "mushroom", "aga"],
      [ "firerod", "icerod", "bombos", "ether", "quake", "shovel", "kraid"],
      [ "lamp", "hammer", "ocarina", "net", "book", "pearl", "phantoon"],
      [ "bottle", "somaria", "byrna", "cape", "mirror", "gomode", "draygon"],
      [ "lift1", "boots", "flippers", "halfmagic", "heartpiece", "heartcontainer", "ridley"],
      [ "easternpalace", "desertpalace", "towerofhera", "", "owsword", "shield", "armor"],
      [ "palaceofdarkness", "swamppalace", "skullwoods", "thievestown", "icepalace", "miserymire", "turtlerock"]
    ]
  },
  "sm_item_grid": {
    "type": "array",
    "orientation": "vertical",
    "v_alignment": "top",
    "margin": "0,0",
    "content": [
      {
        "type": "itemgrid",
        "item_margin": "1,2",
        "h_alignment": "left",
        "rows": [
          [ "charge", "wave", "ice", "spazer", "plasma", "morph", "bomb"],
          [ "varia", "gravity", "spring", "space","screw", "hijump", "speed"],
          [ "grapple", "xray", "etank", "reservetank", "missile", "supermissile", "powerbomb"]
        ]
      },
      {
        "type": "array",
        "orientation": "vertical",
        "margin": "0,0",
        "content": [
          {
            "type":"itemgrid",
            "orientation":"horizontal",
            "item_width": "96",
            "item_height": "48",
            "margin":"5,0",
            "rows": [
              [ "difficulty", "ganon_entry"]
            ]
          },
          {
            "type": "itemgrid",
            "v_alignment":"top",
            "item_size":"48",
            "rows": [
              ["mb", "gt_crystals", "ganon_crystals"]
            ]
          }
        ]
      }
    ]
  },
  "tracker_capture_item": {
    "type": "container",
    "content": {
      "type": "itemgrid",
      "h_alignment": "center",
      "item_margin": "1,2",
      "rows": [
        [ "bow", "silvers", "hookshot", "bombs", "powder", "mushroom", "charge", "ice", "wave", "spazer", "plasma"],
        [ "firerod", "icerod", "bombos", "ether", "quake", "shovel", "morph", "bomb", "spring", "space","screw"],
        [ "lamp", "hammer", "ocarina", "net", "book", "pearl", "varia", "gravity", "hijump", "speed", "grapple"],
        [ "bottle", "somaria", "byrna", "cape", "mirror", "blueboomerang", "redboomerang", "heartpiece_icon", "xray", "etank_icon", "reservetank_icon"],
        [ "lift1", "boots", "flippers", "halfmagic", "owsword", "shield", "armor", "heartcontainer_icon", "missile_icon", "super_icon", "pb_icon"]
      ]
    }
  },
  "tracker_horizontal": {
    "type": "container",
    "content": {
      "type": "dock",
      "dropshadow": true,
      "content": [
        {
          "type": "dock",
          "dock": "bottom",
          "h_alignment": "stretch",
          "content": [
            {
              "type": "group",
              "header": "Items",
              "content": {
                "type": "array",
                "orientation": "horizontal",
                "margin": "0,0",
                "content": [
                  {
                    "type": "layout",
                    "key": "alttp_item_grid"
                  },
                  {
                    "type": "layout",
                    "key": "sm_item_grid"
                  }
                ]
              }
            },
            {
              "type": "group",
              "header": "Pinned Locations",
              "content": {
                "type": "recentpins",
                "style": "wrap",
                "h_alignment": "stretch",
                "v_alignment": "stretch",
                "orientation": "horizontal",
                "compact": true
              }
            }
          ]
        },
        {
          "type": "tabbed",
          "tabs": [
            {
              "title": "Super Metroid",
              "content": {
                "type": "layout",
                "key": "sm_maps"
              }
            },
            {
              "title": "Link to the Past",
              "content": {
                "type": "layout",
                "key": "alttp_maps"
              }
            },
            {
              "title": "Both",
              "content": {
                "type": "tabbed",
                "tabs": [
                  {
                    "title": "Compact",
                    "content": {
                      "type": "array",
                      "orientation": "horizontal",
                      "h_alignment": "center",
                      "content": [
                        {
                          "type": "map",
                          "orientation": "vertical",
                          "maps": [
                            "lightworld",
                            "darkworld"
                          ]
                        },
                        {
                          "type": "map",
                          "maps": [
                            "metroid"
                          ]
                        }
                      ]
                    }
                  },
                  {
                    "title": "Full",
                    "content": {
                      "type": "map",
                      "orientation": "horizontal",
                      "h_alignment": "center",
                      "maps": [
                        "lightworld",
                        "darkworld",
                        "metroid"
                      ]
                    }
                  }
                ]
              }
            }
          ]
        }
      ]
    }
  },
  "tracker_vertical": {
    "type": "container",
    "content": {
      "type": "dock",
      "dropshadow": true,
      "content": [
        {
          "type": "dock",
          "dock": "bottom",
          "h_alignment": "stretch",
          "content": [
            {
              "type": "array",
              "orientation": "vertical",
              "content": [
                {
                  "type": "group",
                  "header": "Items",
                  "content": {
                    "type": "array",
                    "orientation": "horizontal",
                    "margin": "0,0",
                    "content": [
                      {
                        "type": "layout",
                        "key": "alttp_item_grid"
                      },
                      {
                        "type": "layout",
                        "key": "sm_item_grid"
                      }
                    ]
                  }
                },
                {
                  "type": "group",
                  "header": "Pinned Locations",
                  "content": {
                    "type": "recentpins",
                    "style": "wrap",
                    "h_alignment": "stretch",
                    "v_alignment": "stretch",
                    "orientation": "horizontal",
                    "compact": true
                  }
                }
              ]
            }
          ]
        },
        {
          "type": "tabbed",
          "tabs": [
            {
              "title": "Super Metroid",
              "content": {
                "type": "layout",
                "key": "sm_maps"
              }
            },
            {
              "title": "Link to the Past",
              "content": {
                "type": "layout",
                "key": "alttp_maps"
              }
            }
          ]
        }
      ]
    }
  }
}
