[
  {
    "name": "Difficulty",
    "type": "progressive",
    "allow_disabled": "false",
    "loop": "true",
    "stages": [
      {
        "name": "Normal",
        "img": "images/diff_normal_border.png",
        "inherit_codes": "false",
        "codes": "difficulty,casual,normal"
      },
      {
        "name": "Hard",
        "img": "images/diff_hard_border.png",
        "inherit_codes": "false",
        "codes": "difficulty,tournament,hard"
      }
    ]
  },
  {
    "name": "Charge Beam",
    "type": "toggle",
    "loop": "true",
    "img": "images/charge.png",
    "codes": "charge"
  },
  {
    "name": "Ice Beam",
    "type": "toggle",
    "loop": "true",
    "img": "images/ice.png",
    "codes": "ice"
  },
  {
    "name": "Wave Beam",
    "type": "toggle",
    "loop": "true",
    "img": "images/wave.png",
    "codes": "wave"
  },
  {
    "name": "Spazer Beam",
    "type": "toggle",
    "loop": "true",
    "img": "images/spazer.png",
    "codes": "spazer"
  },
  {
    "name": "Plasma Beam",
    "type": "toggle",
    "loop": "true",
    "img": "images/plasma.png",
    "codes": "plasma"
  },
  {
    "name": "Varia Suit",
    "type": "toggle",
    "loop": "true",
    "img": "images/varia.png",
    "codes": "varia"
  },
  {
    "name": "Gravity Suit",
    "type": "toggle",
    "loop": "true",
    "img": "images/gravity.png",
    "codes": "gravity"
  },
  {
    "name": "Morph Ball",
    "type": "toggle",
    "loop": "true",
    "img": "images/morph.png",
    "codes": "morph"
  },
  {
    "name": "Bomb",
    "type": "toggle",
    "loop": "true",
    "img": "images/bomb.png",
    "codes": "bomb"
  },
  {
    "name": "Spring Ball",
    "type": "toggle",
    "loop": "true",
    "img": "images/springball.png",
    "codes": "spring"
  },
  {
    "name": "Screw Attack",
    "type": "toggle",
    "loop": "true",
    "img": "images/screw.png",
    "codes": "screw"
  },
  {
    "name": "High Jump",
    "type": "toggle",
    "loop": "true",
    "img": "images/hijump.png",
    "codes": "hijump"
  },
  {
    "name": "Space Jump",
    "type": "toggle",
    "loop": "true",
    "img": "images/space.png",
    "codes": "space"
  },
  {
    "name": "Speed Booster",
    "type": "toggle",
    "loop": "true",
    "img": "images/speed.png",
    "codes": "speed"
  },
  {
    "name": "Grapple",
    "type": "toggle",
    "loop": "true",
    "img": "images/grapple.png",
    "codes": "grapple"
  },
  {
    "name": "Xray",
    "type": "toggle",
    "loop": "true",
    "img": "images/xray.png",
    "codes": "xray"
  },
  {
    "name": "Ridley",
    "type": "toggle",
    "loop": "true",
    "img": "images/Boss1.png",
    "codes": "ridley,g4"
  },
   {
    "name": "Kraid",
    "type": "toggle",
    "loop": "true",
    "img": "images/Boss2.png",
    "codes": "kraid,g4"
  },
  {
    "name": "Phantoon",
    "type": "toggle",
    "loop": "true",
    "img": "images/Boss3.png",
    "codes": "phantoon,g4"
  },
  {
    "name": "Draygon",
    "type": "toggle",
    "loop": "true",
    "img": "images/Boss4.png",
    "codes": "draygon,g4"
  },
  {
    "name": "Mother Brain",
    "type": "toggle",
    "loop": true,
    "img": "images/mbrain.png",
    "codes": "brain,mother,mb,metroid,sm"
  },
  {
    "name": "Etanks",
    "type": "consumable",
    "img": "images/etank.png",
    "max_quantity": 14,
    "codes": "etank,alltanks"
  },
  {
	"name": "Etank",
	"type": "toggle",
	"img": "images/etank.png",
	"codes": "etank_icon"
  },
  {
    "name": "Reserve Tanks",
    "type": "consumable",
    "img": "images/reservetank.png",
    "max_quantity": 4,
    "codes": "reservetank,alltanks"
  },
  {
	"name": "Reserve Tank",
	"type": "toggle",
	"img": "images/reservetank.png",
	"codes": "reservetank_icon"
  },
  {
    "name": "Missile Capacity",
    "type": "consumable",
    "img": "images/missile.png",
    "max_quantity": 200,
    "increment": 5,
    "codes": "missile"
  },
  {
	"name": "Missiles",
	"type": "toggle",
	"img": "images/missile.png",
	"codes": "missile_icon"
  },
  {
    "name": "Super Missile Capacity",
    "type": "consumable",
    "img": "images/super.png",
    "max_quantity": 80,
    "increment": 5,
    "codes": "supermissile,super"
  },
  {
	"name": "Super Missiles",
	"type": "toggle",
	"img": "images/super.png",
	"codes": "super_icon"
  },
  {
    "name": "Power Bomb Capacity",
    "type": "consumable",
    "img": "images/powerbomb.png",
    "max_quantity": 50,
    "increment": 5,
    "codes": "powerbomb,pb"
  },
  {
	"name": "Power Bombs",
	"type": "toggle",
	"img": "images/powerbomb.png",
	"codes": "pb_icon"
  },
  {
    "name": "Bow",
    "type": "toggle",
    "loop": "true",
    "img": "images/0000.png",
    "codes": "bow"
  },
  {
    "name": "Silver Arrows",
    "type": "toggle",
    "loop": "true",
    "img": "images/silver_arrow.png",
    "codes": "silverarrows,silvers"
  },
  {
    "name": "Bow and Arrows",
    "type": "composite_toggle",
    "codes": "bowandarrows",
    "item_left": "bow",
    "item_right": "silvers",
    "images": [
      {
        "left": false,
        "right": false,
        "img": "images/bow.png",
        "img_mods": "@disabled"
      },
      {
        "left": true,
        "right": false,
        "img": "images/bow.png"
      },
      {
        "left": false,
        "right": true,
        "img": "images/bowandsilverarrowdisabled.png"
      },
      {
        "left": true,
        "right": true,
        "img": "images/bowandsilverarrow.png"
      }
    ]
  },
  {
    "name": "Bombs",
    "type": "progressive_toggle",
    "stages": [
      {
        "img": "images/0003.png",
        "codes": "bombs"
      },
      {
        "img": "images/0003withbigbomb.png",
        "disabled_img": "images/0003withbigbombdisabled.png",
        "disabled_img_mods": "",
        "codes": "bombs",
        "secondary_codes": "bigbomb,superbomb"
      }
    ]
  },
  {
    "name": "Blue Boomerang",
    "type": "toggle",
    "loop": "true",
    "img": "images/boomerang_blue.png",
    "codes": "blueboomerang,bluemarang"
  },
  {
    "name": "Red Boomerang",
    "type": "toggle",
    "loop": "true",
    "img": "images/boomerang_red.png",
    "codes": "redboomerang,redmarang"
  },
  {
    "name": "Boomerangs",
    "type": "composite_toggle",
    "codes": "boomerangs",
    "item_left": "blueboomerang",
    "item_right": "redboomerang",
    "images": [
      {
        "left": false,
        "right": false,
        "img": "images/boomerangs.png",
        "img_mods": "@disabled"
      },
      {
        "left": true,
        "right": false,
        "img": "images/boomerangsblue.png"
      },
      {
        "left": false,
        "right": true,
        "img": "images/boomerangsdisabled.png"
      },
      {
        "left": true,
        "right": true,
        "img": "images/boomerangs.png"
      }
    ]
  },
  {
    "name": "Hookshot",
    "type": "toggle",
    "loop": "true",
    "img": "images/0002.png",
    "codes": "hookshot,hs"
  },
  {
    "name": "Magic Powder",
    "type": "progressive_toggle",
    "stages": [
      {
        "img": "images/0046.png",
        "codes": "powder"
      },
      {
        "img": "images/0046withbat.png",
        "disabled_img": "images/0046withbatdisabled.png",
        "disabled_img_mods": "",
        "codes": "powder",
        "secondary_codes": "bat"
      }
    ]
  },
  {
    "name": "Mushroom",
    "type": "progressive_toggle",
    "stages": [
      {
        "img": "images/0004.png",
        "codes": "mushroom",
        "secondary_codes": "none,default,clear"
      },
      {
        "img": "images/0004.png",
        "img_mods": "overlay|images/overlay_witch.png",
        "disabled_img": "images/0004.png",
        "disabled_img_mods": "@disabled,overlay|images/overlay_witch.png",
        "codes": "mushroom",
        "secondary_codes": "witch,used"
      }
    ]
  },
  {
    "name": "Fire Rod",
    "type": "toggle",
    "loop": "true",
    "img": "images/0005.png",
    "codes": "firerod,firesource"
  },
  {
    "name": "Ice Rod",
    "type": "toggle",
    "loop": "true",
    "img": "images/0006.png",
    "codes": "icerod"
  },
  {
    "name": "Bombos",
    "type": "progressive_toggle",
    "stages": [
      {
        "img": "images/0007.png",
        "codes": "bombos",
        "secondary_codes": "none"
      },
      {
        "img": "images/0117.png",
        "codes": "bombos,mm_medallion,bombos_mm",
        "secondary_codes": "mm"
      },
      {
        "img": "images/0120.png",
        "codes": "bombos,tr_medallion,bombos_tr",
        "secondary_codes": "tr"
      },
      {
        "img": "images/0123.png",
        "codes": "bombos,mm_medallion,tr_medallion,bombos_both",
        "secondary_codes": "both"
      }
    ]
  },
  {
    "name": "Ether",
    "type": "progressive_toggle",
    "stages": [
      {
        "img": "images/0008.png",
        "codes": "ether",
        "secondary_codes": "none"
      },
      {
        "img": "images/0118.png",
        "codes": "ether,mm_medallion,ether_mm",
        "secondary_codes": "mm"
      },
      {
        "img": "images/0121.png",
        "codes": "ether,tr_medallion,ether_tr",
        "secondary_codes": "tr"
      },
      {
        "img": "images/0124.png",
        "codes": "ether,mm_medallion,tr_medallion,ether_both",
        "secondary_codes": "both"
      }
    ]
  },
  {
    "name": "Quake",
    "type": "progressive_toggle",
    "stages": [
      {
        "img": "images/0009.png",
        "codes": "quake",
        "secondary_codes": "none"
      },
      {
        "img": "images/0119.png",
        "codes": "quake,mm_medallion,quake_mm",
        "secondary_codes": "mm"
      },
      {
        "img": "images/0122.png",
        "codes": "quake,tr_medallion,quake_tr",
        "secondary_codes": "tr"
      },
      {
        "img": "images/0125.png",
        "codes": "quake,mm_medallion,tr_medallion,quake_both",
        "secondary_codes": "both"
      }
    ]
  },
  {
    "name": "Shovel",
    "type": "progressive_toggle",
    "stages": [
      {
        "img": "images/0012.png",
        "codes": "shovel",
        "secondary_codes": "none,default,clear"
      },
      {
        "img": "images/0012.png",
        "img_mods": "overlay|images/overlay_cross.png",
        "disabled_img": "images/0012.png",
        "disabled_img_mods": "@disabled,overlay|images/overlay_cross.png",
        "codes": "shovel",
        "secondary_codes": "used"
      }
    ]
  },
  {
    "name": "Lamp",
    "type": "toggle",
    "loop": "true",
    "img": "images/0010.png",
    "codes": "lamp,firesource"
  },
  {
    "name": "Hammer",
    "type": "toggle",
    "loop": "true",
    "img": "images/0011.png",
    "codes": "hammer"
  },
  {
    "name": "Ocarina",
    "type": "progressive",
    "stages": [
      {
        "img": "images/0047.png",
        "codes": "flute,ocarina"
      },
      {
        "img": "images/0047withduck.png"
      }
    ]
  },
  {
    "name": "Bug Catching Net",
    "type": "toggle",
    "loop": "true",
    "img": "images/0013.png",
    "codes": "net"
  },
  {
    "name": "Book of Mudora",
    "type": "toggle",
    "loop": "true",
    "img": "images/0014.png",
    "codes": "book"
  },
  {
    "name": "Moon Pearl",
    "type": "toggle",
    "loop": "true",
    "img": "images/0022.png",
    "codes": "pearl,moonpearl"
  },
  {
    "name": "Bottles",
    "type": "progressive",
    "allow_disabled": "false",
    "stages": [
      {
        "img": "images/0026.png",
        "img_mods": "@disabled"
      },
      {
        "img": "images/0070.png",
        "codes": "bottle,bottle1"
      },
      {
        "img": "images/0071.png",
        "codes": "bottle2"
      },
      {
        "img": "images/0072.png",
        "codes": "bottle3"
      },
      {
        "img": "images/0073.png",
        "codes": "bottle4"
      }
    ]
  },
  {
    "name": "Cane of Somaria",
    "type": "toggle",
    "loop": "true",
    "img": "images/0015.png",
    "codes": "somaria,redcane"
  },
  {
    "name": "Cane of Byrna",
    "type": "toggle",
    "loop": "true",
    "img": "images/0016.png",
    "codes": "byrna,bluecane,sakucane,caneofsaku"
  },
  {
    "name": "Magic Cape",
    "type": "toggle",
    "loop": "true",
    "img": "images/0017.png",
    "codes": "cape"
  },
  {
    "name": "Mirror",
    "type": "toggle",
    "loop": "true",
    "img": "images/0018.png",
    "codes": "mirror"
  },
  {
    "name": "Go Mode!",
    "capturable": false,
    "type": "toggle",
    "loop": "true",
    "img": "images/0062.png",
    "codes": "gomode"
  },
  {
    "name": "Aganhim",
    "capturable": false,
    "type": "toggle",
    "loop": "true",
    "img": "images/0055.png",
    "codes": "aga1,aga,aganhim"
  },
  {
    "name": "Ganon",
    "type": "toggle",
    "loop": true,
    "img": "images/ganon.png",
    "codes": "ganon,zelda,pig,z3"
  },
  {
    "name": "Gloves",
    "type": "progressive",
    "stages": [
      {
        "img": "images/0019.png",
        "codes": "gloves,lift1"
      },
      {
        "img": "images/0043.png",
        "codes": "mitts,lift2"
      }
    ]
  },
  {
    "name": "Boots",
    "type": "toggle",
    "loop": "true",
    "img": "images/0020.png",
    "codes": "boots"
  },
  {
    "name": "Flippers",
    "type": "toggle",
    "loop": "true",
    "img": "images/0021.png",
    "codes": "flippers"
  },
  {
    "name": "Half-Magic",
    "type": "toggle",
    "loop": "true",
    "img": "images/0064.png",
    "codes": "halfmagic"
  },
  {
    "name": "Heart Container",
    "type": "toggle",
    "img": "images/0060.png",
    "codes": "heartcontainer_icon"
  },
  {
    "name": "Heart Piece",
    "type": "toggle",
    "img": "images/0067.png",
    "codes": "heartpiece_icon"
  },
  {
    "name": "Heart Container",
    "type": "consumable",
    "max_quantity": 11,
    "img": "images/0060.png",
    "codes": "heartcontainer"
  },
  {
    "name": "Heart Piece",
    "type": "consumable",
    "max_quantity": 24,
    "img": "images/0067.png",
    "codes": "heartpiece"
  },
  {
    "name": "Sword",
    "type": "progressive",
    "allow_disabled": false,
    "stages": [
      {
        "img": "images/sworddisabled.png",
        "img_mods": "@disabled",
        "codes": "owsword"
      },
      {
        "img": "images/sword1.png",
        "codes": "sword,sword1,owsword"
      },
      {
        "img": "images/sword2.png",
        "codes": "sword2,mst"
      },
      {
        "img": "images/sword3.png",
        "codes": "sword3,tempered"
      },
      {
        "img": "images/sword4.png",
        "codes": "sword4,butter"
      }
    ]
  },
  {
    "name": "Shield",
    "type": "progressive",
    "stages": [
      {
        "img": "images/0024.png",
        "codes": "shield"
      },
      {
        "img": "images/0044.png",
        "codes": "shield2,redshield"
      },
      {
        "img": "images/0045.png",
        "codes": "shield3,mirrorshield"
      }
    ]
  },
  {
    "name": "Mail",
    "type": "progressive",
    "allow_disabled": false,
    "stages": [
      {
        "img": "images/0025.png",
        "codes": "armor, armor1, greenmail"
      },
      {
        "img": "images/0041.png",
        "codes": "armor2,bluemail"
      },
      {
        "img": "images/0042.png",
        "codes": "armor3,redmail"
      }
    ]
  }
]
