[
  {
    "name": "Eastern Palace",
    "type": "progressive_toggle",
    "capturable": false,
    "stages": [
      {
        "img": "images/0105.png",
        "codes": "ep,easternpalace,crystal"
      },
      {
        "img": "images/0106.png",
        "codes": "ep,easternpalace,crystal56"
      },
      {
        "img": "images/0107.png",
        "codes": "ep,easternpalace,pendant"
      },
      {
        "img": "images/0108.png",
        "codes": "ep,easternpalace,greenpendant"
      }
    ]
  },
  {
    "name": "Desert Palace",
    "capturable": false,
    "type": "progressive_toggle",
    "stages": [
      {
        "img": "images/0109.png",
        "codes": "dp,desertpalace,crystal"
      },
      {
        "img": "images/0110.png",
        "codes": "dp,desertpalace,crystal56"
      },
      {
        "img": "images/0111.png",
        "codes": "dp,desertpalace,pendant"
      },
      {
        "img": "images/0112.png",
        "codes": "dp,desertpalace,greenpendant"
      }
    ]
  },
  {
    "name": "Tower of Hera",
    "capturable": false,
    "type": "progressive_toggle",
    "stages": [
      {
        "img": "images/0113.png",
        "codes": "toh,towerofhera,crystal"
      },
      {
        "img": "images/0114.png",
        "codes": "toh,towerofhera,crystal56"
      },
      {
        "img": "images/0115.png",
        "codes": "toh,towerofhera,pendant"
      },
      {
        "img": "images/0116.png",
        "codes": "toh,towerofhera,greenpendant"
      }
    ]
  },
  {
    "name": "Palace of Darkness",
    "capturable": false,
    "type": "progressive_toggle",
    "stages": [
      {
        "img": "images/0077.png",
        "codes": "pod,palaceofdarkness,crystal"
      },
      {
        "img": "images/0078.png",
        "codes": "pod,palaceofdarkness,crystal56"
      },
      {
        "img": "images/0079.png",
        "codes": "pod,palaceofdarkness,pendant"
      },
      {
        "img": "images/0080.png",
        "codes": "pod,palaceofdarkness,greenpendant"
      }
    ]
  },
  {
    "name": "Swamp Palace",
    "capturable": false,
    "type": "progressive_toggle",
    "stages": [
      {
        "img": "images/0081.png",
        "codes": "sp,swamppalace,crystal"
      },
      {
        "img": "images/0082.png",
        "codes": "sp,swamppalace,crystal56"
      },
      {
        "img": "images/0083.png",
        "codes": "sp,swamppalace,pendant"
      },
      {
        "img": "images/0084.png",
        "codes": "sp,swamppalace,greenpendant"
      }
    ]
  },
  {
    "name": "Skull Woods",
    "capturable": false,
    "type": "progressive_toggle",
    "stages": [
      {
        "img": "images/0085.png",
        "codes": "sw,skullwoods,crystal"
      },
      {
        "img": "images/0086.png",
        "codes": "sw,skullwoods,crystal56"
      },
      {
        "img": "images/0087.png",
        "codes": "sw,skullwoods,pendant"
      },
      {
        "img": "images/0088.png",
        "codes": "sw,skullwoods,greenpendant"
      }
    ]
  },
  {
    "name": "Thieves Town",
    "capturable": false,
    "type": "progressive_toggle",
    "stages": [
      {
        "img": "images/0089.png",
        "codes": "tt,thievestown,crystal"
      },
      {
        "img": "images/0090.png",
        "codes": "tt,thievestown,crystal56"
      },
      {
        "img": "images/0091.png",
        "codes": "tt,thievestown,pendant"
      },
      {
        "img": "images/0092.png",
        "codes": "tt,thievestown,greenpendant"
      }
    ]
  },
  {
    "name": "Ice Palace",
    "capturable": false,
    "type": "progressive_toggle",
    "stages": [
      {
        "img": "images/0093.png",
        "codes": "ip,icepalace,crystal"
      },
      {
        "img": "images/0094.png",
        "codes": "ip,icepalace,crystal56"
      },
      {
        "img": "images/0095.png",
        "codes": "ip,icepalace,pendant"
      },
      {
        "img": "images/0096.png",
        "codes": "ip,icepalace,greenpendant"
      }
    ]
  },
  {
    "name": "Misery Mire",
    "capturable": false,
    "type": "progressive_toggle",
    "stages": [
      {
        "img": "images/0097.png",
        "codes": "mm,miserymire,crystal"
      },
      {
        "img": "images/0098.png",
        "codes": "mm,miserymire,crystal56"
      },
      {
        "img": "images/0099.png",
        "codes": "mm,miserymire,pendant"
      },
      {
        "img": "images/0100.png",
        "codes": "mm,miserymire,greenpendant"
      }
    ]
  },
  {
    "name": "Turtle Rock",
    "capturable": false,
    "type": "progressive_toggle",
    "stages": [
      {
        "img": "images/0101.png",
        "codes": "tr,turtlerock,crystal"
      },
      {
        "img": "images/0102.png",
        "codes": "tr,turtlerock,crystal56"
      },
      {
        "img": "images/0103.png",
        "codes": "tr,turtlerock,pendant"
      },
      {
        "img": "images/0104.png",
        "codes": "tr,turtlerock,greenpendant"
      }
    ]
  }
]
