[
  {
    "name": "Eastern Palace",
    "type": "progressive_toggle",
    "capturable": false,
    "stages": [
      {
        "img": "images/0105.png",
        "codes": "ep,easternpalace,crystal,allcrystals"
      },
      {
        "img": "images/0106.png",
        "codes": "ep,easternpalace,crystal56,allcrystals"
      },
      {
        "img": "images/0107.png",
        "codes": "ep,easternpalace,pendant,allpendants"
      },
      {
        "img": "images/0108.png",
        "codes": "ep,easternpalace,greenpendant,allpendants"
      },
      {
        "img": "images/EPG4.png",
        "codes": "ep,easternpalace,g4"
      }
    ]
  },
  {
    "name": "Desert Palace",
    "capturable": false,
    "type": "progressive_toggle",
    "stages": [
      {
        "img": "images/0109.png",
        "codes": "dp,desertpalace,crystal,allcrystals"
      },
      {
        "img": "images/0110.png",
        "codes": "dp,desertpalace,crystal56,allcrystals"
      },
      {
        "img": "images/0111.png",
        "codes": "dp,desertpalace,pendant,allpendants"
      },
      {
        "img": "images/0112.png",
        "codes": "dp,desertpalace,greenpendant,allpendants"
      },
      {
        "img": "images/DPG4.png",
        "codes": "dp,desertpalace,g4"
      }
    ]
  },
  {
    "name": "Tower of Hera",
    "capturable": false,
    "type": "progressive_toggle",
    "stages": [
      {
        "img": "images/0113.png",
        "codes": "toh,towerofhera,crystal,allcrystals"
      },
      {
        "img": "images/0114.png",
        "codes": "toh,towerofhera,crystal56,allcrystals"
      },
      {
        "img": "images/0115.png",
        "codes": "toh,towerofhera,pendant,allpendants"
      },
      {
        "img": "images/0116.png",
        "codes": "toh,towerofhera,greenpendant,allpendants"
      },
      {
        "img": "images/TOHG4.png",
        "codes": "toh,towerofhera,g4"
      }
    ]
  },
  {
    "name": "Palace of Darkness",
    "capturable": false,
    "type": "progressive_toggle",
    "stages": [
      {
        "img": "images/0077.png",
        "codes": "pod,palaceofdarkness,crystal,allcrystals"
      },
      {
        "img": "images/0078.png",
        "codes": "pod,palaceofdarkness,crystal56,allcrystals"
      },
      {
        "img": "images/0079.png",
        "codes": "pod,palaceofdarkness,pendant,allpendants"
      },
      {
        "img": "images/0080.png",
        "codes": "pod,palaceofdarkness,greenpendant,allpendants"
      },
      {
        "img": "images/PODG4.png",
        "codes": "pod,palaceofdarkness,g4"
      }
    ]
  },
  {
    "name": "Swamp Palace",
    "capturable": false,
    "type": "progressive_toggle",
    "stages": [
      {
        "img": "images/0081.png",
        "codes": "sp,swamppalace,crystal,allcrystals"
      },
      {
        "img": "images/0082.png",
        "codes": "sp,swamppalace,crystal56,allcrystals"
      },
      {
        "img": "images/0083.png",
        "codes": "sp,swamppalace,pendant,allpendants"
      },
      {
        "img": "images/0084.png",
        "codes": "sp,swamppalace,greenpendant,allpendants"
      },
      {
        "img": "images/SPG4.png",
        "codes": "sp,swamppalace,g4"
      }
    ]
  },
  {
    "name": "Skull Woods",
    "capturable": false,
    "type": "progressive_toggle",
    "stages": [
      {
        "img": "images/0085.png",
        "codes": "sw,skullwoods,crystal,allcrystals"
      },
      {
        "img": "images/0086.png",
        "codes": "sw,skullwoods,crystal56,allcrystals"
      },
      {
        "img": "images/0087.png",
        "codes": "sw,skullwoods,pendant,allpendants"
      },
      {
        "img": "images/0088.png",
        "codes": "sw,skullwoods,greenpendant,allpendants"
      },
      {
        "img": "images/SWG4.png",
        "codes": "sw,skullwoods,g4"
      }
    ]
  },
  {
    "name": "Thieves Town",
    "capturable": false,
    "type": "progressive_toggle",
    "stages": [
      {
        "img": "images/0089.png",
        "codes": "tt,thievestown,crystal,allcrystals"
      },
      {
        "img": "images/0090.png",
        "codes": "tt,thievestown,crystal56,allcrystals"
      },
      {
        "img": "images/0091.png",
        "codes": "tt,thievestown,pendant,allpendants"
      },
      {
        "img": "images/0092.png",
        "codes": "tt,thievestown,greenpendant,allpendants"
      },
      {
        "img": "images/TTG4.png",
        "codes": "tt,thievestown,g4"
      }
    ]
  },
  {
    "name": "Ice Palace",
    "capturable": false,
    "type": "progressive_toggle",
    "stages": [
      {
        "img": "images/0093.png",
        "codes": "ip,icepalace,crystal,allcrystals"
      },
      {
        "img": "images/0094.png",
        "codes": "ip,icepalace,crystal56,allcrystals"
      },
      {
        "img": "images/0095.png",
        "codes": "ip,icepalace,pendant,allpendants"
      },
      {
        "img": "images/0096.png",
        "codes": "ip,icepalace,greenpendant,allpendants"
      },
      {
        "img": "images/IPG4.png",
        "codes": "ip,icepalace,g4"
      }
    ]
  },
  {
    "name": "Misery Mire",
    "capturable": false,
    "type": "progressive_toggle",
    "stages": [
      {
        "img": "images/0097.png",
        "codes": "mm,miserymire,crystal,allcrystals"
      },
      {
        "img": "images/0098.png",
        "codes": "mm,miserymire,crystal56,allcrystals"
      },
      {
        "img": "images/0099.png",
        "codes": "mm,miserymire,pendant,allpendants"
      },
      {
        "img": "images/0100.png",
        "codes": "mm,miserymire,greenpendant,allpendants"
      },
      {
        "img": "images/MMG4.png",
        "codes": "mm,miserymire,g4"
      }
    ]
  },
  {
    "name": "Turtle Rock",
    "capturable": false,
    "type": "progressive_toggle",
    "stages": [
      {
        "img": "images/0101.png",
        "codes": "tr,turtlerock,crystal,allcrystals"
      },
      {
        "img": "images/0102.png",
        "codes": "tr,turtlerock,crystal56,allcrystals"
      },
      {
        "img": "images/0103.png",
        "codes": "tr,turtlerock,pendant,allpendants"
      },
      {
        "img": "images/0104.png",
        "codes": "tr,turtlerock,greenpendant,allpendants"
      },
      {
        "img": "images/TRG4.png",
        "codes": "tr,turtlerock,g4"
      }
    ]
  }
]
